date_str,sp500,djia,date_ex1,date_ex2,date_ex3
4/4/2018,2644.69,24264.3,April 04 2018,"Wednesday, 2018-04-04",4-Apr-18
4/5/2018,2662.84,24505.22,April 05 2018,"Thursday, 2018-04-05",5-Apr-18
4/6/2018,2604.47,23932.76,April 06 2018,"Friday, 2018-04-06",6-Apr-18
4/9/2018,2613.16,23979.1,April 09 2018,"Monday, 2018-04-09",9-Apr-18
4/10/2018,2656.87,24408,April 10 2018,"Tuesday, 2018-04-10",10-Apr-18
4/11/2018,2642.19,24189.45,April 11 2018,"Wednesday, 2018-04-11",11-Apr-18
4/12/2018,2663.99,24483.05,April 12 2018,"Thursday, 2018-04-12",12-Apr-18
4/13/2018,2656.3,24360.14,April 13 2018,"Friday, 2018-04-13",13-Apr-18
4/16/2018,2677.84,24573.04,April 16 2018,"Monday, 2018-04-16",16-Apr-18
4/17/2018,2706.39,24786.63,April 17 2018,"Tuesday, 2018-04-17",17-Apr-18
4/18/2018,2708.64,24748.07,April 18 2018,"Wednesday, 2018-04-18",18-Apr-18
4/19/2018,2693.13,24664.89,April 19 2018,"Thursday, 2018-04-19",19-Apr-18
4/20/2018,2670.14,24462.94,April 20 2018,"Friday, 2018-04-20",20-Apr-18
4/23/2018,2670.29,24448.69,April 23 2018,"Monday, 2018-04-23",23-Apr-18
4/24/2018,2634.56,24024.13,April 24 2018,"Tuesday, 2018-04-24",24-Apr-18
4/25/2018,2639.4,24083.83,April 25 2018,"Wednesday, 2018-04-25",25-Apr-18
4/26/2018,2666.94,24322.34,April 26 2018,"Thursday, 2018-04-26",26-Apr-18
4/27/2018,2669.91,24311.19,April 27 2018,"Friday, 2018-04-27",27-Apr-18
4/30/2018,2648.05,24163.15,April 30 2018,"Monday, 2018-04-30",30-Apr-18
5/1/2018,2654.8,24099.05,May 01 2018,"Tuesday, 2018-05-01",1-May-18
5/2/2018,2635.67,23924.98,May 02 2018,"Wednesday, 2018-05-02",2-May-18
5/3/2018,2629.73,23930.15,May 03 2018,"Thursday, 2018-05-03",3-May-18
5/4/2018,2663.42,24262.51,May 04 2018,"Friday, 2018-05-04",4-May-18
5/7/2018,2672.63,24357.32,May 07 2018,"Monday, 2018-05-07",7-May-18
5/8/2018,2671.92,24360.21,May 08 2018,"Tuesday, 2018-05-08",8-May-18
5/9/2018,2697.79,24542.54,May 09 2018,"Wednesday, 2018-05-09",9-May-18
5/10/2018,2723.07,24739.53,May 10 2018,"Thursday, 2018-05-10",10-May-18
5/11/2018,2727.72,24831.17,May 11 2018,"Friday, 2018-05-11",11-May-18
5/14/2018,2730.13,24899.41,May 14 2018,"Monday, 2018-05-14",14-May-18
5/15/2018,2711.45,24706.41,May 15 2018,"Tuesday, 2018-05-15",15-May-18
5/16/2018,2722.46,24768.93,May 16 2018,"Wednesday, 2018-05-16",16-May-18
5/17/2018,2720.13,24713.98,May 17 2018,"Thursday, 2018-05-17",17-May-18
5/18/2018,2712.97,24715.09,May 18 2018,"Friday, 2018-05-18",18-May-18
5/21/2018,2733.01,25013.29,May 21 2018,"Monday, 2018-05-21",21-May-18
5/22/2018,2724.44,24834.41,May 22 2018,"Tuesday, 2018-05-22",22-May-18
5/23/2018,2733.29,24886.81,May 23 2018,"Wednesday, 2018-05-23",23-May-18
5/24/2018,2727.76,24811.76,May 24 2018,"Thursday, 2018-05-24",24-May-18
5/25/2018,2721.33,24753.09,May 25 2018,"Friday, 2018-05-25",25-May-18
5/28/2018,,,May 28 2018,"Monday, 2018-05-28",28-May-18
5/29/2018,2689.86,24361.45,May 29 2018,"Tuesday, 2018-05-29",29-May-18
5/30/2018,2724.01,24667.78,May 30 2018,"Wednesday, 2018-05-30",30-May-18
5/31/2018,2705.27,24415.84,May 31 2018,"Thursday, 2018-05-31",31-May-18
6/1/2018,2734.62,24635.21,June 01 2018,"Friday, 2018-06-01",1-Jun-18
6/4/2018,2746.87,24813.69,June 04 2018,"Monday, 2018-06-04",4-Jun-18
6/5/2018,2748.8,24799.98,June 05 2018,"Tuesday, 2018-06-05",5-Jun-18
6/6/2018,2772.35,25146.39,June 06 2018,"Wednesday, 2018-06-06",6-Jun-18
6/7/2018,2770.37,25241.41,June 07 2018,"Thursday, 2018-06-07",7-Jun-18
6/8/2018,2779.03,25316.53,June 08 2018,"Friday, 2018-06-08",8-Jun-18
6/11/2018,2782,25322.31,June 11 2018,"Monday, 2018-06-11",11-Jun-18
6/12/2018,2786.85,25320.73,June 12 2018,"Tuesday, 2018-06-12",12-Jun-18
6/13/2018,2775.63,25201.2,June 13 2018,"Wednesday, 2018-06-13",13-Jun-18
6/14/2018,2782.49,25175.31,June 14 2018,"Thursday, 2018-06-14",14-Jun-18
6/15/2018,2779.66,25090.48,June 15 2018,"Friday, 2018-06-15",15-Jun-18
6/18/2018,2773.75,24987.47,June 18 2018,"Monday, 2018-06-18",18-Jun-18
6/19/2018,2762.59,24700.21,June 19 2018,"Tuesday, 2018-06-19",19-Jun-18
6/20/2018,2767.32,24657.8,June 20 2018,"Wednesday, 2018-06-20",20-Jun-18
6/21/2018,2749.76,24461.7,June 21 2018,"Thursday, 2018-06-21",21-Jun-18
6/22/2018,2754.88,24580.89,June 22 2018,"Friday, 2018-06-22",22-Jun-18
6/25/2018,2717.07,24252.8,June 25 2018,"Monday, 2018-06-25",25-Jun-18
6/26/2018,2723.06,24283.11,June 26 2018,"Tuesday, 2018-06-26",26-Jun-18
6/27/2018,2699.63,24117.59,June 27 2018,"Wednesday, 2018-06-27",27-Jun-18
6/28/2018,2716.31,24216.05,June 28 2018,"Thursday, 2018-06-28",28-Jun-18
6/29/2018,2718.37,24271.41,June 29 2018,"Friday, 2018-06-29",29-Jun-18
7/2/2018,2726.71,24307.18,July 02 2018,"Monday, 2018-07-02",2-Jul-18
7/3/2018,2713.22,24174.82,July 03 2018,"Tuesday, 2018-07-03",3-Jul-18
7/4/2018,,,July 04 2018,"Wednesday, 2018-07-04",4-Jul-18
7/5/2018,2736.61,24356.74,July 05 2018,"Thursday, 2018-07-05",5-Jul-18
7/6/2018,2759.82,24456.48,July 06 2018,"Friday, 2018-07-06",6-Jul-18
7/9/2018,2784.17,24776.59,July 09 2018,"Monday, 2018-07-09",9-Jul-18
7/10/2018,2793.84,24919.66,July 10 2018,"Tuesday, 2018-07-10",10-Jul-18
7/11/2018,2774.02,24700.45,July 11 2018,"Wednesday, 2018-07-11",11-Jul-18
7/12/2018,2798.29,24924.89,July 12 2018,"Thursday, 2018-07-12",12-Jul-18
7/13/2018,2801.31,25019.41,July 13 2018,"Friday, 2018-07-13",13-Jul-18
7/16/2018,2798.43,25064.36,July 16 2018,"Monday, 2018-07-16",16-Jul-18
7/17/2018,2809.55,25119.89,July 17 2018,"Tuesday, 2018-07-17",17-Jul-18
7/18/2018,2815.62,25199.29,July 18 2018,"Wednesday, 2018-07-18",18-Jul-18
7/19/2018,2804.49,25064.5,July 19 2018,"Thursday, 2018-07-19",19-Jul-18
7/20/2018,2801.83,25058.12,July 20 2018,"Friday, 2018-07-20",20-Jul-18
7/23/2018,2806.98,25044.29,July 23 2018,"Monday, 2018-07-23",23-Jul-18
7/24/2018,2820.4,25241.94,July 24 2018,"Tuesday, 2018-07-24",24-Jul-18
7/25/2018,2846.07,25414.1,July 25 2018,"Wednesday, 2018-07-25",25-Jul-18
7/26/2018,2837.44,25527.07,July 26 2018,"Thursday, 2018-07-26",26-Jul-18
7/27/2018,2818.82,25451.06,July 27 2018,"Friday, 2018-07-27",27-Jul-18
7/30/2018,2802.6,25306.83,July 30 2018,"Monday, 2018-07-30",30-Jul-18
7/31/2018,2816.29,25415.19,July 31 2018,"Tuesday, 2018-07-31",31-Jul-18
8/1/2018,2813.36,25333.82,August 01 2018,"Wednesday, 2018-08-01",1-Aug-18
8/2/2018,2827.22,25326.16,August 02 2018,"Thursday, 2018-08-02",2-Aug-18
8/3/2018,2840.35,25462.58,August 03 2018,"Friday, 2018-08-03",3-Aug-18
8/6/2018,2850.4,25502.18,August 06 2018,"Monday, 2018-08-06",6-Aug-18
8/7/2018,2858.45,25628.91,August 07 2018,"Tuesday, 2018-08-07",7-Aug-18
8/8/2018,2857.7,25583.75,August 08 2018,"Wednesday, 2018-08-08",8-Aug-18
8/9/2018,2853.58,25509.23,August 09 2018,"Thursday, 2018-08-09",9-Aug-18
8/10/2018,2833.28,25313.14,August 10 2018,"Friday, 2018-08-10",10-Aug-18
8/13/2018,2821.93,25187.7,August 13 2018,"Monday, 2018-08-13",13-Aug-18
8/14/2018,2839.96,25299.92,August 14 2018,"Tuesday, 2018-08-14",14-Aug-18
8/15/2018,2818.37,25162.41,August 15 2018,"Wednesday, 2018-08-15",15-Aug-18
8/16/2018,2840.69,25558.73,August 16 2018,"Thursday, 2018-08-16",16-Aug-18
8/17/2018,2850.13,25669.32,August 17 2018,"Friday, 2018-08-17",17-Aug-18
8/20/2018,2857.05,25758.69,August 20 2018,"Monday, 2018-08-20",20-Aug-18
8/21/2018,2862.96,25822.29,August 21 2018,"Tuesday, 2018-08-21",21-Aug-18
8/22/2018,2861.82,25733.6,August 22 2018,"Wednesday, 2018-08-22",22-Aug-18
8/23/2018,2856.98,25656.98,August 23 2018,"Thursday, 2018-08-23",23-Aug-18
8/24/2018,2874.69,25790.35,August 24 2018,"Friday, 2018-08-24",24-Aug-18
8/27/2018,2896.74,26049.64,August 27 2018,"Monday, 2018-08-27",27-Aug-18
8/28/2018,2897.52,26064.02,August 28 2018,"Tuesday, 2018-08-28",28-Aug-18
8/29/2018,2914.04,26124.57,August 29 2018,"Wednesday, 2018-08-29",29-Aug-18
8/30/2018,2901.13,25986.92,August 30 2018,"Thursday, 2018-08-30",30-Aug-18
8/31/2018,2901.52,25964.82,August 31 2018,"Friday, 2018-08-31",31-Aug-18
9/3/2018,,,September 03 2018,"Monday, 2018-09-03",3-Sep-18
9/4/2018,2896.72,25952.48,September 04 2018,"Tuesday, 2018-09-04",4-Sep-18
9/5/2018,2888.6,25974.99,September 05 2018,"Wednesday, 2018-09-05",5-Sep-18
9/6/2018,2878.05,25995.87,September 06 2018,"Thursday, 2018-09-06",6-Sep-18
9/7/2018,2871.68,25916.54,September 07 2018,"Friday, 2018-09-07",7-Sep-18
9/10/2018,2877.13,25857.07,September 10 2018,"Monday, 2018-09-10",10-Sep-18
9/11/2018,2887.89,25971.06,September 11 2018,"Tuesday, 2018-09-11",11-Sep-18
9/12/2018,2888.92,25998.92,September 12 2018,"Wednesday, 2018-09-12",12-Sep-18
9/13/2018,2904.18,26145.99,September 13 2018,"Thursday, 2018-09-13",13-Sep-18
9/14/2018,2904.98,26154.67,September 14 2018,"Friday, 2018-09-14",14-Sep-18
9/17/2018,2888.8,26062.12,September 17 2018,"Monday, 2018-09-17",17-Sep-18
9/18/2018,2904.31,26246.96,September 18 2018,"Tuesday, 2018-09-18",18-Sep-18
9/19/2018,2907.95,26405.76,September 19 2018,"Wednesday, 2018-09-19",19-Sep-18
9/20/2018,2930.75,26656.98,September 20 2018,"Thursday, 2018-09-20",20-Sep-18
9/21/2018,2929.67,26743.5,September 21 2018,"Friday, 2018-09-21",21-Sep-18
9/24/2018,2919.37,26562.05,September 24 2018,"Monday, 2018-09-24",24-Sep-18
9/25/2018,2915.56,26492.21,September 25 2018,"Tuesday, 2018-09-25",25-Sep-18
9/26/2018,2905.97,26385.28,September 26 2018,"Wednesday, 2018-09-26",26-Sep-18
9/27/2018,2914,26439.93,September 27 2018,"Thursday, 2018-09-27",27-Sep-18
9/28/2018,2913.98,26458.31,September 28 2018,"Friday, 2018-09-28",28-Sep-18
10/1/2018,2924.59,26651.21,October 01 2018,"Monday, 2018-10-01",1-Oct-18
10/2/2018,2923.43,26773.94,October 02 2018,"Tuesday, 2018-10-02",2-Oct-18
10/3/2018,2925.51,26828.39,October 03 2018,"Wednesday, 2018-10-03",3-Oct-18
10/4/2018,2901.61,26627.48,October 04 2018,"Thursday, 2018-10-04",4-Oct-18
10/5/2018,2885.57,26447.05,October 05 2018,"Friday, 2018-10-05",5-Oct-18
10/8/2018,2884.43,26486.78,October 08 2018,"Monday, 2018-10-08",8-Oct-18
10/9/2018,2880.34,26430.57,October 09 2018,"Tuesday, 2018-10-09",9-Oct-18
10/10/2018,2785.68,25598.74,October 10 2018,"Wednesday, 2018-10-10",10-Oct-18
10/11/2018,2728.37,25052.83,October 11 2018,"Thursday, 2018-10-11",11-Oct-18
10/12/2018,2767.13,25339.99,October 12 2018,"Friday, 2018-10-12",12-Oct-18
10/15/2018,2750.79,25250.55,October 15 2018,"Monday, 2018-10-15",15-Oct-18
10/16/2018,2809.92,25798.42,October 16 2018,"Tuesday, 2018-10-16",16-Oct-18
10/17/2018,2809.21,25706.68,October 17 2018,"Wednesday, 2018-10-17",17-Oct-18
10/18/2018,2768.78,25379.45,October 18 2018,"Thursday, 2018-10-18",18-Oct-18
10/19/2018,2767.78,25444.34,October 19 2018,"Friday, 2018-10-19",19-Oct-18
10/22/2018,2755.88,25317.41,October 22 2018,"Monday, 2018-10-22",22-Oct-18
10/23/2018,2740.69,25191.43,October 23 2018,"Tuesday, 2018-10-23",23-Oct-18
10/24/2018,2656.1,24583.42,October 24 2018,"Wednesday, 2018-10-24",24-Oct-18
10/25/2018,2705.57,24984.55,October 25 2018,"Thursday, 2018-10-25",25-Oct-18
10/26/2018,2658.69,24688.31,October 26 2018,"Friday, 2018-10-26",26-Oct-18
10/29/2018,2641.25,24442.92,October 29 2018,"Monday, 2018-10-29",29-Oct-18
10/30/2018,2682.63,24874.64,October 30 2018,"Tuesday, 2018-10-30",30-Oct-18
10/31/2018,2711.74,25115.76,October 31 2018,"Wednesday, 2018-10-31",31-Oct-18
11/1/2018,2740.37,25380.74,November 01 2018,"Thursday, 2018-11-01",1-Nov-18
11/2/2018,2723.06,25270.83,November 02 2018,"Friday, 2018-11-02",2-Nov-18
11/5/2018,2738.31,25461.7,November 05 2018,"Monday, 2018-11-05",5-Nov-18
11/6/2018,2755.45,25635.01,November 06 2018,"Tuesday, 2018-11-06",6-Nov-18
11/7/2018,2813.89,26180.3,November 07 2018,"Wednesday, 2018-11-07",7-Nov-18
11/8/2018,2806.83,26191.22,November 08 2018,"Thursday, 2018-11-08",8-Nov-18
11/9/2018,2781.01,25989.3,November 09 2018,"Friday, 2018-11-09",9-Nov-18
11/12/2018,2726.22,25387.18,November 12 2018,"Monday, 2018-11-12",12-Nov-18
11/13/2018,2722.18,25286.49,November 13 2018,"Tuesday, 2018-11-13",13-Nov-18
11/14/2018,2701.58,25080.5,November 14 2018,"Wednesday, 2018-11-14",14-Nov-18
11/15/2018,2730.2,25289.27,November 15 2018,"Thursday, 2018-11-15",15-Nov-18
11/16/2018,2736.27,25413.22,November 16 2018,"Friday, 2018-11-16",16-Nov-18
11/19/2018,2690.73,25017.44,November 19 2018,"Monday, 2018-11-19",19-Nov-18
11/20/2018,2641.89,24465.64,November 20 2018,"Tuesday, 2018-11-20",20-Nov-18
11/21/2018,2649.93,24464.69,November 21 2018,"Wednesday, 2018-11-21",21-Nov-18
11/22/2018,,,November 22 2018,"Thursday, 2018-11-22",22-Nov-18
11/23/2018,2632.56,24285.95,November 23 2018,"Friday, 2018-11-23",23-Nov-18
11/26/2018,2673.45,24640.24,November 26 2018,"Monday, 2018-11-26",26-Nov-18
11/27/2018,2682.17,24748.73,November 27 2018,"Tuesday, 2018-11-27",27-Nov-18
11/28/2018,2743.79,25366.43,November 28 2018,"Wednesday, 2018-11-28",28-Nov-18
11/29/2018,2737.76,25338.84,November 29 2018,"Thursday, 2018-11-29",29-Nov-18
11/30/2018,2760.17,25538.46,November 30 2018,"Friday, 2018-11-30",30-Nov-18
12/3/2018,2790.37,25826.43,December 03 2018,"Monday, 2018-12-03",3-Dec-18
12/4/2018,2700.06,25027.07,December 04 2018,"Tuesday, 2018-12-04",4-Dec-18
12/5/2018,,,December 05 2018,"Wednesday, 2018-12-05",5-Dec-18
12/6/2018,2695.95,24947.67,December 06 2018,"Thursday, 2018-12-06",6-Dec-18
12/7/2018,2633.08,24388.95,December 07 2018,"Friday, 2018-12-07",7-Dec-18
12/10/2018,2637.72,24423.26,December 10 2018,"Monday, 2018-12-10",10-Dec-18
12/11/2018,2636.78,24370.24,December 11 2018,"Tuesday, 2018-12-11",11-Dec-18
12/12/2018,2651.07,24527.27,December 12 2018,"Wednesday, 2018-12-12",12-Dec-18
12/13/2018,2650.54,24597.38,December 13 2018,"Thursday, 2018-12-13",13-Dec-18
12/14/2018,2599.95,24100.51,December 14 2018,"Friday, 2018-12-14",14-Dec-18
12/17/2018,2545.94,23592.98,December 17 2018,"Monday, 2018-12-17",17-Dec-18
12/18/2018,2546.16,23675.64,December 18 2018,"Tuesday, 2018-12-18",18-Dec-18
12/19/2018,2506.96,23323.66,December 19 2018,"Wednesday, 2018-12-19",19-Dec-18
12/20/2018,2467.42,22859.6,December 20 2018,"Thursday, 2018-12-20",20-Dec-18
12/21/2018,2416.62,22445.37,December 21 2018,"Friday, 2018-12-21",21-Dec-18
12/24/2018,2351.1,21792.2,December 24 2018,"Monday, 2018-12-24",24-Dec-18
12/25/2018,,,December 25 2018,"Tuesday, 2018-12-25",25-Dec-18
12/26/2018,2467.7,22878.45,December 26 2018,"Wednesday, 2018-12-26",26-Dec-18
12/27/2018,2488.83,23138.82,December 27 2018,"Thursday, 2018-12-27",27-Dec-18
12/28/2018,2485.74,23062.4,December 28 2018,"Friday, 2018-12-28",28-Dec-18
12/31/2018,2506.85,23327.46,December 31 2018,"Monday, 2018-12-31",31-Dec-18
1/1/2019,,,January 01 2019,"Tuesday, 2019-01-01",1-Jan-19
1/2/2019,2510.03,23346.24,January 02 2019,"Wednesday, 2019-01-02",2-Jan-19
1/3/2019,2447.89,22686.22,January 03 2019,"Thursday, 2019-01-03",3-Jan-19
1/4/2019,2531.94,23433.16,January 04 2019,"Friday, 2019-01-04",4-Jan-19
1/7/2019,2549.69,23531.35,January 07 2019,"Monday, 2019-01-07",7-Jan-19
1/8/2019,2574.41,23787.45,January 08 2019,"Tuesday, 2019-01-08",8-Jan-19
1/9/2019,2584.96,23879.12,January 09 2019,"Wednesday, 2019-01-09",9-Jan-19
1/10/2019,2596.64,24001.92,January 10 2019,"Thursday, 2019-01-10",10-Jan-19
1/11/2019,2596.26,23995.95,January 11 2019,"Friday, 2019-01-11",11-Jan-19
1/14/2019,2582.61,23909.84,January 14 2019,"Monday, 2019-01-14",14-Jan-19
1/15/2019,2610.3,24065.59,January 15 2019,"Tuesday, 2019-01-15",15-Jan-19
1/16/2019,2616.1,24207.16,January 16 2019,"Wednesday, 2019-01-16",16-Jan-19
1/17/2019,2635.96,24370.1,January 17 2019,"Thursday, 2019-01-17",17-Jan-19
1/18/2019,2670.71,24706.35,January 18 2019,"Friday, 2019-01-18",18-Jan-19
1/21/2019,,,January 21 2019,"Monday, 2019-01-21",21-Jan-19
1/22/2019,2632.9,24404.48,January 22 2019,"Tuesday, 2019-01-22",22-Jan-19
1/23/2019,2638.7,24575.62,January 23 2019,"Wednesday, 2019-01-23",23-Jan-19
1/24/2019,2642.33,24553.24,January 24 2019,"Thursday, 2019-01-24",24-Jan-19
1/25/2019,2664.76,24737.2,January 25 2019,"Friday, 2019-01-25",25-Jan-19
1/28/2019,2643.85,24528.22,January 28 2019,"Monday, 2019-01-28",28-Jan-19
1/29/2019,2640,24579.96,January 29 2019,"Tuesday, 2019-01-29",29-Jan-19
1/30/2019,2681.05,25014.86,January 30 2019,"Wednesday, 2019-01-30",30-Jan-19
1/31/2019,2704.1,24999.67,January 31 2019,"Thursday, 2019-01-31",31-Jan-19
2/1/2019,2706.53,25063.89,February 01 2019,"Friday, 2019-02-01",1-Feb-19
2/4/2019,2724.87,25239.37,February 04 2019,"Monday, 2019-02-04",4-Feb-19
2/5/2019,2737.7,25411.52,February 05 2019,"Tuesday, 2019-02-05",5-Feb-19
2/6/2019,2731.61,25390.3,February 06 2019,"Wednesday, 2019-02-06",6-Feb-19
2/7/2019,2706.05,25169.53,February 07 2019,"Thursday, 2019-02-07",7-Feb-19
2/8/2019,2707.88,25106.33,February 08 2019,"Friday, 2019-02-08",8-Feb-19
2/11/2019,2709.8,25053.11,February 11 2019,"Monday, 2019-02-11",11-Feb-19
2/12/2019,2744.73,25425.76,February 12 2019,"Tuesday, 2019-02-12",12-Feb-19
2/13/2019,2753.03,25543.27,February 13 2019,"Wednesday, 2019-02-13",13-Feb-19
2/14/2019,2745.73,25439.39,February 14 2019,"Thursday, 2019-02-14",14-Feb-19
2/15/2019,2775.6,25883.25,February 15 2019,"Friday, 2019-02-15",15-Feb-19
2/18/2019,,,February 18 2019,"Monday, 2019-02-18",18-Feb-19
2/19/2019,2779.76,25891.32,February 19 2019,"Tuesday, 2019-02-19",19-Feb-19
2/20/2019,2784.7,25954.44,February 20 2019,"Wednesday, 2019-02-20",20-Feb-19
2/21/2019,2774.88,25850.63,February 21 2019,"Thursday, 2019-02-21",21-Feb-19
2/22/2019,2792.67,26031.81,February 22 2019,"Friday, 2019-02-22",22-Feb-19
2/25/2019,2796.11,26091.95,February 25 2019,"Monday, 2019-02-25",25-Feb-19
2/26/2019,2793.9,26057.98,February 26 2019,"Tuesday, 2019-02-26",26-Feb-19
2/27/2019,2792.38,25985.16,February 27 2019,"Wednesday, 2019-02-27",27-Feb-19
2/28/2019,2784.49,25916,February 28 2019,"Thursday, 2019-02-28",28-Feb-19
3/1/2019,2803.69,26026.32,March 01 2019,"Friday, 2019-03-01",1-Mar-19
3/4/2019,2792.81,25819.65,March 04 2019,"Monday, 2019-03-04",4-Mar-19
3/5/2019,2789.65,25806.63,March 05 2019,"Tuesday, 2019-03-05",5-Mar-19
3/6/2019,2771.45,25673.46,March 06 2019,"Wednesday, 2019-03-06",6-Mar-19
3/7/2019,2748.93,25473.23,March 07 2019,"Thursday, 2019-03-07",7-Mar-19
3/8/2019,2743.07,25450.24,March 08 2019,"Friday, 2019-03-08",8-Mar-19
3/11/2019,2783.3,25650.88,March 11 2019,"Monday, 2019-03-11",11-Mar-19
3/12/2019,2791.52,25554.66,March 12 2019,"Tuesday, 2019-03-12",12-Mar-19
3/13/2019,2810.92,25702.89,March 13 2019,"Wednesday, 2019-03-13",13-Mar-19
3/14/2019,2808.48,25709.94,March 14 2019,"Thursday, 2019-03-14",14-Mar-19
3/15/2019,2822.48,25848.87,March 15 2019,"Friday, 2019-03-15",15-Mar-19
3/18/2019,2832.94,25914.1,March 18 2019,"Monday, 2019-03-18",18-Mar-19
3/19/2019,2832.57,25887.38,March 19 2019,"Tuesday, 2019-03-19",19-Mar-19
3/20/2019,2824.23,25745.67,March 20 2019,"Wednesday, 2019-03-20",20-Mar-19
3/21/2019,2854.88,25962.51,March 21 2019,"Thursday, 2019-03-21",21-Mar-19
3/22/2019,2800.71,25502.32,March 22 2019,"Friday, 2019-03-22",22-Mar-19
3/25/2019,2798.36,25516.83,March 25 2019,"Monday, 2019-03-25",25-Mar-19
3/26/2019,2818.46,25657.73,March 26 2019,"Tuesday, 2019-03-26",26-Mar-19
3/27/2019,2805.37,25625.59,March 27 2019,"Wednesday, 2019-03-27",27-Mar-19
3/28/2019,2815.44,25717.46,March 28 2019,"Thursday, 2019-03-28",28-Mar-19
3/29/2019,2834.4,25928.68,March 29 2019,"Friday, 2019-03-29",29-Mar-19
4/1/2019,2867.19,26258.42,April 01 2019,"Monday, 2019-04-01",1-Apr-19
4/2/2019,2867.24,26179.13,April 02 2019,"Tuesday, 2019-04-02",2-Apr-19
4/3/2019,2873.4,26218.13,April 03 2019,"Wednesday, 2019-04-03",3-Apr-19
4/4/2019,2879.39,26384.63,April 04 2019,"Thursday, 2019-04-04",4-Apr-19
4/5/2019,2892.74,26424.99,April 05 2019,"Friday, 2019-04-05",5-Apr-19
4/8/2019,2895.77,26341.02,April 08 2019,"Monday, 2019-04-08",8-Apr-19
4/9/2019,2878.2,26150.58,April 09 2019,"Tuesday, 2019-04-09",9-Apr-19
4/10/2019,2888.21,26157.16,April 10 2019,"Wednesday, 2019-04-10",10-Apr-19
4/11/2019,2888.32,26143.05,April 11 2019,"Thursday, 2019-04-11",11-Apr-19
4/12/2019,2907.41,26412.3,April 12 2019,"Friday, 2019-04-12",12-Apr-19
4/15/2019,2905.58,26384.77,April 15 2019,"Monday, 2019-04-15",15-Apr-19
4/16/2019,2907.06,26452.66,April 16 2019,"Tuesday, 2019-04-16",16-Apr-19
4/17/2019,2900.45,26449.54,April 17 2019,"Wednesday, 2019-04-17",17-Apr-19
4/18/2019,2905.03,26559.54,April 18 2019,"Thursday, 2019-04-18",18-Apr-19
4/19/2019,,,April 19 2019,"Friday, 2019-04-19",19-Apr-19
4/22/2019,2907.97,26511.05,April 22 2019,"Monday, 2019-04-22",22-Apr-19
4/23/2019,2933.68,26656.39,April 23 2019,"Tuesday, 2019-04-23",23-Apr-19
4/24/2019,2927.25,26597.05,April 24 2019,"Wednesday, 2019-04-24",24-Apr-19
4/25/2019,2926.17,26462.08,April 25 2019,"Thursday, 2019-04-25",25-Apr-19
4/26/2019,2939.88,26543.33,April 26 2019,"Friday, 2019-04-26",26-Apr-19
4/29/2019,2943.03,26554.39,April 29 2019,"Monday, 2019-04-29",29-Apr-19
4/30/2019,2945.83,26592.91,April 30 2019,"Tuesday, 2019-04-30",30-Apr-19
5/1/2019,2923.73,26430.14,May 01 2019,"Wednesday, 2019-05-01",1-May-19
5/2/2019,2917.52,26307.79,May 02 2019,"Thursday, 2019-05-02",2-May-19
5/3/2019,2945.64,26504.95,May 03 2019,"Friday, 2019-05-03",3-May-19
5/6/2019,2932.47,26438.48,May 06 2019,"Monday, 2019-05-06",6-May-19
5/7/2019,2884.05,25965.09,May 07 2019,"Tuesday, 2019-05-07",7-May-19
5/8/2019,2879.42,25967.33,May 08 2019,"Wednesday, 2019-05-08",8-May-19
5/9/2019,2870.72,25828.36,May 09 2019,"Thursday, 2019-05-09",9-May-19
5/10/2019,2881.4,25942.37,May 10 2019,"Friday, 2019-05-10",10-May-19
5/13/2019,2811.87,25324.99,May 13 2019,"Monday, 2019-05-13",13-May-19
5/14/2019,2834.41,25532.05,May 14 2019,"Tuesday, 2019-05-14",14-May-19
5/15/2019,2850.96,25648.02,May 15 2019,"Wednesday, 2019-05-15",15-May-19
5/16/2019,2876.32,25862.68,May 16 2019,"Thursday, 2019-05-16",16-May-19
5/17/2019,2859.53,25764,May 17 2019,"Friday, 2019-05-17",17-May-19
5/20/2019,2840.23,25679.9,May 20 2019,"Monday, 2019-05-20",20-May-19
5/21/2019,2864.36,25877.33,May 21 2019,"Tuesday, 2019-05-21",21-May-19
5/22/2019,2856.27,25776.61,May 22 2019,"Wednesday, 2019-05-22",22-May-19
5/23/2019,2822.24,25490.47,May 23 2019,"Thursday, 2019-05-23",23-May-19
5/24/2019,2826.06,25585.69,May 24 2019,"Friday, 2019-05-24",24-May-19
5/27/2019,,,May 27 2019,"Monday, 2019-05-27",27-May-19
5/28/2019,2802.39,25347.77,May 28 2019,"Tuesday, 2019-05-28",28-May-19
5/29/2019,2783.02,25126.41,May 29 2019,"Wednesday, 2019-05-29",29-May-19
5/30/2019,2788.86,25169.88,May 30 2019,"Thursday, 2019-05-30",30-May-19
5/31/2019,2752.06,24815.04,May 31 2019,"Friday, 2019-05-31",31-May-19
6/3/2019,2744.45,24819.78,June 03 2019,"Monday, 2019-06-03",3-Jun-19
6/4/2019,2803.27,25332.18,June 04 2019,"Tuesday, 2019-06-04",4-Jun-19
6/5/2019,2826.15,25539.57,June 05 2019,"Wednesday, 2019-06-05",5-Jun-19
6/6/2019,2843.49,25720.66,June 06 2019,"Thursday, 2019-06-06",6-Jun-19
6/7/2019,2873.34,25983.94,June 07 2019,"Friday, 2019-06-07",7-Jun-19
6/10/2019,2886.73,26062.68,June 10 2019,"Monday, 2019-06-10",10-Jun-19
6/11/2019,2885.72,26048.51,June 11 2019,"Tuesday, 2019-06-11",11-Jun-19
6/12/2019,2879.84,26004.83,June 12 2019,"Wednesday, 2019-06-12",12-Jun-19
6/13/2019,2891.64,26106.77,June 13 2019,"Thursday, 2019-06-13",13-Jun-19
6/14/2019,2886.98,26089.61,June 14 2019,"Friday, 2019-06-14",14-Jun-19
6/17/2019,2889.67,26112.53,June 17 2019,"Monday, 2019-06-17",17-Jun-19
6/18/2019,2917.75,26465.54,June 18 2019,"Tuesday, 2019-06-18",18-Jun-19
6/19/2019,2926.46,26504,June 19 2019,"Wednesday, 2019-06-19",19-Jun-19
6/20/2019,2954.18,26753.17,June 20 2019,"Thursday, 2019-06-20",20-Jun-19
6/21/2019,2950.46,26719.13,June 21 2019,"Friday, 2019-06-21",21-Jun-19
6/24/2019,2945.35,26727.54,June 24 2019,"Monday, 2019-06-24",24-Jun-19
6/25/2019,2917.38,26548.22,June 25 2019,"Tuesday, 2019-06-25",25-Jun-19
6/26/2019,2913.78,26536.82,June 26 2019,"Wednesday, 2019-06-26",26-Jun-19
6/27/2019,2924.92,26526.58,June 27 2019,"Thursday, 2019-06-27",27-Jun-19
6/28/2019,2941.76,26599.96,June 28 2019,"Friday, 2019-06-28",28-Jun-19
7/1/2019,2964.33,26717.43,July 01 2019,"Monday, 2019-07-01",1-Jul-19
7/2/2019,2973.01,26786.68,July 02 2019,"Tuesday, 2019-07-02",2-Jul-19
7/3/2019,2995.82,26966,July 03 2019,"Wednesday, 2019-07-03",3-Jul-19
7/4/2019,,,July 04 2019,"Thursday, 2019-07-04",4-Jul-19
7/5/2019,2990.41,26922.12,July 05 2019,"Friday, 2019-07-05",5-Jul-19
7/8/2019,2975.95,26806.14,July 08 2019,"Monday, 2019-07-08",8-Jul-19
7/9/2019,2979.63,26783.49,July 09 2019,"Tuesday, 2019-07-09",9-Jul-19
7/10/2019,2993.07,26860.2,July 10 2019,"Wednesday, 2019-07-10",10-Jul-19
7/11/2019,2999.91,27088.08,July 11 2019,"Thursday, 2019-07-11",11-Jul-19
7/12/2019,3013.77,27332.03,July 12 2019,"Friday, 2019-07-12",12-Jul-19
7/15/2019,3014.3,27359.16,July 15 2019,"Monday, 2019-07-15",15-Jul-19
7/16/2019,3004.04,27335.63,July 16 2019,"Tuesday, 2019-07-16",16-Jul-19
7/17/2019,2984.42,27219.85,July 17 2019,"Wednesday, 2019-07-17",17-Jul-19
7/18/2019,2995.11,27222.97,July 18 2019,"Thursday, 2019-07-18",18-Jul-19
7/19/2019,2976.61,27154.2,July 19 2019,"Friday, 2019-07-19",19-Jul-19
7/22/2019,2985.03,27171.9,July 22 2019,"Monday, 2019-07-22",22-Jul-19
7/23/2019,3005.47,27349.19,July 23 2019,"Tuesday, 2019-07-23",23-Jul-19
7/24/2019,3019.56,27269.97,July 24 2019,"Wednesday, 2019-07-24",24-Jul-19
7/25/2019,3003.67,27140.98,July 25 2019,"Thursday, 2019-07-25",25-Jul-19
7/26/2019,3025.86,27192.45,July 26 2019,"Friday, 2019-07-26",26-Jul-19
7/29/2019,3020.97,27221.35,July 29 2019,"Monday, 2019-07-29",29-Jul-19
7/30/2019,3013.18,27198.02,July 30 2019,"Tuesday, 2019-07-30",30-Jul-19
7/31/2019,2980.38,26864.27,July 31 2019,"Wednesday, 2019-07-31",31-Jul-19
8/1/2019,2953.56,26583.42,August 01 2019,"Thursday, 2019-08-01",1-Aug-19
8/2/2019,2932.05,26485.01,August 02 2019,"Friday, 2019-08-02",2-Aug-19
8/5/2019,2844.74,25717.74,August 05 2019,"Monday, 2019-08-05",5-Aug-19
8/6/2019,2881.77,26029.52,August 06 2019,"Tuesday, 2019-08-06",6-Aug-19
8/7/2019,2883.98,26007.07,August 07 2019,"Wednesday, 2019-08-07",7-Aug-19
8/8/2019,2938.09,26378.19,August 08 2019,"Thursday, 2019-08-08",8-Aug-19
8/9/2019,2918.65,26287.44,August 09 2019,"Friday, 2019-08-09",9-Aug-19
8/12/2019,2883.75,25907.37,August 12 2019,"Monday, 2019-08-12",12-Aug-19
8/13/2019,2926.32,26279.91,August 13 2019,"Tuesday, 2019-08-13",13-Aug-19
8/14/2019,2840.6,25479.42,August 14 2019,"Wednesday, 2019-08-14",14-Aug-19
8/15/2019,2847.6,25579.39,August 15 2019,"Thursday, 2019-08-15",15-Aug-19
8/16/2019,2888.68,25886.01,August 16 2019,"Friday, 2019-08-16",16-Aug-19
8/19/2019,2923.65,26135.79,August 19 2019,"Monday, 2019-08-19",19-Aug-19
8/20/2019,2900.51,25962.44,August 20 2019,"Tuesday, 2019-08-20",20-Aug-19
8/21/2019,2924.43,26202.73,August 21 2019,"Wednesday, 2019-08-21",21-Aug-19
8/22/2019,2922.95,26252.24,August 22 2019,"Thursday, 2019-08-22",22-Aug-19
8/23/2019,2847.11,25628.9,August 23 2019,"Friday, 2019-08-23",23-Aug-19
8/26/2019,2878.38,25898.83,August 26 2019,"Monday, 2019-08-26",26-Aug-19
8/27/2019,2869.16,25777.9,August 27 2019,"Tuesday, 2019-08-27",27-Aug-19
8/28/2019,2887.94,26036.1,August 28 2019,"Wednesday, 2019-08-28",28-Aug-19
8/29/2019,2924.58,26362.25,August 29 2019,"Thursday, 2019-08-29",29-Aug-19
8/30/2019,2926.46,26403.28,August 30 2019,"Friday, 2019-08-30",30-Aug-19
9/2/2019,,,September 02 2019,"Monday, 2019-09-02",2-Sep-19
9/3/2019,2906.27,26118.02,September 03 2019,"Tuesday, 2019-09-03",3-Sep-19
9/4/2019,2937.78,26355.47,September 04 2019,"Wednesday, 2019-09-04",4-Sep-19
9/5/2019,2976,26728.15,September 05 2019,"Thursday, 2019-09-05",5-Sep-19
9/6/2019,2978.71,26797.46,September 06 2019,"Friday, 2019-09-06",6-Sep-19
9/9/2019,2978.43,26835.51,September 09 2019,"Monday, 2019-09-09",9-Sep-19
9/10/2019,2979.39,26909.43,September 10 2019,"Tuesday, 2019-09-10",10-Sep-19
9/11/2019,3000.93,27137.04,September 11 2019,"Wednesday, 2019-09-11",11-Sep-19
9/12/2019,3009.57,27182.45,September 12 2019,"Thursday, 2019-09-12",12-Sep-19
9/13/2019,3007.39,27219.52,September 13 2019,"Friday, 2019-09-13",13-Sep-19
9/16/2019,2997.96,27076.82,September 16 2019,"Monday, 2019-09-16",16-Sep-19
9/17/2019,3005.7,27110.8,September 17 2019,"Tuesday, 2019-09-17",17-Sep-19
9/18/2019,3006.73,27147.08,September 18 2019,"Wednesday, 2019-09-18",18-Sep-19
9/19/2019,3006.79,27094.79,September 19 2019,"Thursday, 2019-09-19",19-Sep-19
9/20/2019,2992.07,26935.07,September 20 2019,"Friday, 2019-09-20",20-Sep-19
9/23/2019,2991.78,26949.99,September 23 2019,"Monday, 2019-09-23",23-Sep-19
9/24/2019,2966.6,26807.77,September 24 2019,"Tuesday, 2019-09-24",24-Sep-19
9/25/2019,2984.87,26970.71,September 25 2019,"Wednesday, 2019-09-25",25-Sep-19
9/26/2019,2977.62,26891.12,September 26 2019,"Thursday, 2019-09-26",26-Sep-19
9/27/2019,2961.79,26820.25,September 27 2019,"Friday, 2019-09-27",27-Sep-19
9/30/2019,2976.74,26916.83,September 30 2019,"Monday, 2019-09-30",30-Sep-19
10/1/2019,2940.25,26573.04,October 01 2019,"Tuesday, 2019-10-01",1-Oct-19
10/2/2019,2887.61,26078.62,October 02 2019,"Wednesday, 2019-10-02",2-Oct-19
10/3/2019,2910.63,26201.04,October 03 2019,"Thursday, 2019-10-03",3-Oct-19
10/4/2019,2952.01,26573.72,October 04 2019,"Friday, 2019-10-04",4-Oct-19
10/7/2019,2938.79,26478.02,October 07 2019,"Monday, 2019-10-07",7-Oct-19
10/8/2019,2893.06,26164.04,October 08 2019,"Tuesday, 2019-10-08",8-Oct-19
10/9/2019,2919.4,26346.01,October 09 2019,"Wednesday, 2019-10-09",9-Oct-19
10/10/2019,2938.13,26496.67,October 10 2019,"Thursday, 2019-10-10",10-Oct-19
10/11/2019,2970.27,26816.59,October 11 2019,"Friday, 2019-10-11",11-Oct-19
10/14/2019,2966.15,26787.36,October 14 2019,"Monday, 2019-10-14",14-Oct-19
10/15/2019,2995.68,27024.8,October 15 2019,"Tuesday, 2019-10-15",15-Oct-19
10/16/2019,2989.69,27001.98,October 16 2019,"Wednesday, 2019-10-16",16-Oct-19
10/17/2019,2997.95,27025.88,October 17 2019,"Thursday, 2019-10-17",17-Oct-19
10/18/2019,2986.2,26770.2,October 18 2019,"Friday, 2019-10-18",18-Oct-19
10/21/2019,3006.72,26827.64,October 21 2019,"Monday, 2019-10-21",21-Oct-19
10/22/2019,2995.99,26788.1,October 22 2019,"Tuesday, 2019-10-22",22-Oct-19
10/23/2019,3004.52,26833.95,October 23 2019,"Wednesday, 2019-10-23",23-Oct-19
10/24/2019,3010.29,26805.53,October 24 2019,"Thursday, 2019-10-24",24-Oct-19
10/25/2019,3022.55,26958.06,October 25 2019,"Friday, 2019-10-25",25-Oct-19
10/28/2019,3039.42,27090.72,October 28 2019,"Monday, 2019-10-28",28-Oct-19
10/29/2019,3036.89,27071.42,October 29 2019,"Tuesday, 2019-10-29",29-Oct-19
10/30/2019,3046.77,27186.69,October 30 2019,"Wednesday, 2019-10-30",30-Oct-19
10/31/2019,3037.56,27046.23,October 31 2019,"Thursday, 2019-10-31",31-Oct-19
11/1/2019,3066.91,27347.36,November 01 2019,"Friday, 2019-11-01",1-Nov-19
11/4/2019,3078.27,27462.11,November 04 2019,"Monday, 2019-11-04",4-Nov-19
11/5/2019,3074.62,27492.63,November 05 2019,"Tuesday, 2019-11-05",5-Nov-19
11/6/2019,3076.78,27492.56,November 06 2019,"Wednesday, 2019-11-06",6-Nov-19
11/7/2019,3085.18,27674.8,November 07 2019,"Thursday, 2019-11-07",7-Nov-19
11/8/2019,3093.08,27681.24,November 08 2019,"Friday, 2019-11-08",8-Nov-19
11/11/2019,3087.01,27691.49,November 11 2019,"Monday, 2019-11-11",11-Nov-19
11/12/2019,3091.84,27691.49,November 12 2019,"Tuesday, 2019-11-12",12-Nov-19
11/13/2019,3094.04,27783.59,November 13 2019,"Wednesday, 2019-11-13",13-Nov-19
11/14/2019,3096.63,27781.96,November 14 2019,"Thursday, 2019-11-14",14-Nov-19
11/15/2019,3120.46,28004.89,November 15 2019,"Friday, 2019-11-15",15-Nov-19
11/18/2019,3122.03,28036.22,November 18 2019,"Monday, 2019-11-18",18-Nov-19
11/19/2019,3120.18,27934.02,November 19 2019,"Tuesday, 2019-11-19",19-Nov-19
11/20/2019,3108.46,27821.09,November 20 2019,"Wednesday, 2019-11-20",20-Nov-19
11/21/2019,3103.54,27766.29,November 21 2019,"Thursday, 2019-11-21",21-Nov-19
11/22/2019,3110.29,27875.62,November 22 2019,"Friday, 2019-11-22",22-Nov-19
11/25/2019,3133.64,28066.47,November 25 2019,"Monday, 2019-11-25",25-Nov-19
11/26/2019,3140.52,28121.68,November 26 2019,"Tuesday, 2019-11-26",26-Nov-19
11/27/2019,3153.63,28164,November 27 2019,"Wednesday, 2019-11-27",27-Nov-19
11/28/2019,,,November 28 2019,"Thursday, 2019-11-28",28-Nov-19
11/29/2019,3140.98,28051.41,November 29 2019,"Friday, 2019-11-29",29-Nov-19
12/2/2019,3113.87,27783.04,December 02 2019,"Monday, 2019-12-02",2-Dec-19
12/3/2019,3093.2,27502.81,December 03 2019,"Tuesday, 2019-12-03",3-Dec-19
12/4/2019,3112.76,27649.78,December 04 2019,"Wednesday, 2019-12-04",4-Dec-19
12/5/2019,3117.43,27677.79,December 05 2019,"Thursday, 2019-12-05",5-Dec-19
12/6/2019,3145.91,28015.06,December 06 2019,"Friday, 2019-12-06",6-Dec-19
12/9/2019,3135.96,27909.6,December 09 2019,"Monday, 2019-12-09",9-Dec-19
12/10/2019,3132.52,27881.72,December 10 2019,"Tuesday, 2019-12-10",10-Dec-19
12/11/2019,3141.63,27911.3,December 11 2019,"Wednesday, 2019-12-11",11-Dec-19
12/12/2019,3168.57,28132.05,December 12 2019,"Thursday, 2019-12-12",12-Dec-19
12/13/2019,3168.8,28135.38,December 13 2019,"Friday, 2019-12-13",13-Dec-19
12/16/2019,3191.45,28235.89,December 16 2019,"Monday, 2019-12-16",16-Dec-19
12/17/2019,3192.52,28267.16,December 17 2019,"Tuesday, 2019-12-17",17-Dec-19
12/18/2019,3191.14,28239.28,December 18 2019,"Wednesday, 2019-12-18",18-Dec-19
12/19/2019,3205.37,28376.96,December 19 2019,"Thursday, 2019-12-19",19-Dec-19
12/20/2019,3221.22,28455.09,December 20 2019,"Friday, 2019-12-20",20-Dec-19
12/23/2019,3224.01,28551.53,December 23 2019,"Monday, 2019-12-23",23-Dec-19
12/24/2019,3223.38,28515.45,December 24 2019,"Tuesday, 2019-12-24",24-Dec-19
12/25/2019,,,December 25 2019,"Wednesday, 2019-12-25",25-Dec-19
12/26/2019,3239.91,28621.39,December 26 2019,"Thursday, 2019-12-26",26-Dec-19
12/27/2019,3240.02,28645.26,December 27 2019,"Friday, 2019-12-27",27-Dec-19
12/30/2019,3221.29,28462.14,December 30 2019,"Monday, 2019-12-30",30-Dec-19
12/31/2019,3230.78,28538.44,December 31 2019,"Tuesday, 2019-12-31",31-Dec-19
1/1/2020,,,January 01 2020,"Wednesday, 2020-01-01",1-Jan-20
1/2/2020,3257.85,28868.8,January 02 2020,"Thursday, 2020-01-02",2-Jan-20
1/3/2020,3234.85,28634.88,January 03 2020,"Friday, 2020-01-03",3-Jan-20
1/6/2020,3246.28,28703.38,January 06 2020,"Monday, 2020-01-06",6-Jan-20
1/7/2020,3237.18,28583.68,January 07 2020,"Tuesday, 2020-01-07",7-Jan-20
1/8/2020,3253.05,28745.09,January 08 2020,"Wednesday, 2020-01-08",8-Jan-20
1/9/2020,3274.7,28956.9,January 09 2020,"Thursday, 2020-01-09",9-Jan-20
1/10/2020,3265.35,28823.77,January 10 2020,"Friday, 2020-01-10",10-Jan-20
1/13/2020,3288.13,28907.05,January 13 2020,"Monday, 2020-01-13",13-Jan-20
1/14/2020,3283.15,28939.67,January 14 2020,"Tuesday, 2020-01-14",14-Jan-20
1/15/2020,3289.29,29030.22,January 15 2020,"Wednesday, 2020-01-15",15-Jan-20
1/16/2020,3316.81,29297.64,January 16 2020,"Thursday, 2020-01-16",16-Jan-20
1/17/2020,3329.62,29348.1,January 17 2020,"Friday, 2020-01-17",17-Jan-20
1/20/2020,,,January 20 2020,"Monday, 2020-01-20",20-Jan-20
1/21/2020,3320.79,29196.04,January 21 2020,"Tuesday, 2020-01-21",21-Jan-20
1/22/2020,3321.75,29186.27,January 22 2020,"Wednesday, 2020-01-22",22-Jan-20
1/23/2020,3325.54,29160.09,January 23 2020,"Thursday, 2020-01-23",23-Jan-20
1/24/2020,3295.47,28989.73,January 24 2020,"Friday, 2020-01-24",24-Jan-20
1/27/2020,3243.63,28535.8,January 27 2020,"Monday, 2020-01-27",27-Jan-20
1/28/2020,3276.24,28722.85,January 28 2020,"Tuesday, 2020-01-28",28-Jan-20
1/29/2020,3273.4,28734.45,January 29 2020,"Wednesday, 2020-01-29",29-Jan-20
1/30/2020,3283.66,28859.44,January 30 2020,"Thursday, 2020-01-30",30-Jan-20
1/31/2020,3225.52,28256.03,January 31 2020,"Friday, 2020-01-31",31-Jan-20
2/3/2020,3248.92,28399.81,February 03 2020,"Monday, 2020-02-03",3-Feb-20
2/4/2020,3297.59,28807.63,February 04 2020,"Tuesday, 2020-02-04",4-Feb-20
2/5/2020,3334.69,29290.85,February 05 2020,"Wednesday, 2020-02-05",5-Feb-20
2/6/2020,3345.78,29379.77,February 06 2020,"Thursday, 2020-02-06",6-Feb-20
2/7/2020,3327.71,29102.51,February 07 2020,"Friday, 2020-02-07",7-Feb-20
2/10/2020,3352.09,29276.82,February 10 2020,"Monday, 2020-02-10",10-Feb-20
2/11/2020,3357.75,29276.34,February 11 2020,"Tuesday, 2020-02-11",11-Feb-20
2/12/2020,3379.45,29551.42,February 12 2020,"Wednesday, 2020-02-12",12-Feb-20
2/13/2020,3373.94,29423.31,February 13 2020,"Thursday, 2020-02-13",13-Feb-20
2/14/2020,3380.16,29398.08,February 14 2020,"Friday, 2020-02-14",14-Feb-20
2/17/2020,,,February 17 2020,"Monday, 2020-02-17",17-Feb-20
2/18/2020,3370.29,29232.19,February 18 2020,"Tuesday, 2020-02-18",18-Feb-20
2/19/2020,3386.15,29348.03,February 19 2020,"Wednesday, 2020-02-19",19-Feb-20
2/20/2020,3373.23,29219.98,February 20 2020,"Thursday, 2020-02-20",20-Feb-20
2/21/2020,3337.75,28992.41,February 21 2020,"Friday, 2020-02-21",21-Feb-20
2/24/2020,3225.89,27960.8,February 24 2020,"Monday, 2020-02-24",24-Feb-20
2/25/2020,3128.21,27081.36,February 25 2020,"Tuesday, 2020-02-25",25-Feb-20
2/26/2020,3116.39,26957.59,February 26 2020,"Wednesday, 2020-02-26",26-Feb-20
2/27/2020,2978.76,25766.64,February 27 2020,"Thursday, 2020-02-27",27-Feb-20
2/28/2020,2954.22,25409.36,February 28 2020,"Friday, 2020-02-28",28-Feb-20
3/2/2020,3090.23,26703.32,March 02 2020,"Monday, 2020-03-02",2-Mar-20
3/3/2020,3003.37,25917.41,March 03 2020,"Tuesday, 2020-03-03",3-Mar-20
3/4/2020,3130.12,27090.86,March 04 2020,"Wednesday, 2020-03-04",4-Mar-20
3/5/2020,3023.94,26121.28,March 05 2020,"Thursday, 2020-03-05",5-Mar-20
3/6/2020,2972.37,25864.78,March 06 2020,"Friday, 2020-03-06",6-Mar-20
3/9/2020,2746.56,23851.02,March 09 2020,"Monday, 2020-03-09",9-Mar-20
3/10/2020,2882.23,25018.16,March 10 2020,"Tuesday, 2020-03-10",10-Mar-20
3/11/2020,2741.38,23553.22,March 11 2020,"Wednesday, 2020-03-11",11-Mar-20
3/12/2020,2480.64,21200.62,March 12 2020,"Thursday, 2020-03-12",12-Mar-20
3/13/2020,2711.02,23185.62,March 13 2020,"Friday, 2020-03-13",13-Mar-20
3/16/2020,2386.13,20188.52,March 16 2020,"Monday, 2020-03-16",16-Mar-20
3/17/2020,2529.19,21237.38,March 17 2020,"Tuesday, 2020-03-17",17-Mar-20
3/18/2020,2398.1,19898.92,March 18 2020,"Wednesday, 2020-03-18",18-Mar-20
3/19/2020,2409.39,20087.19,March 19 2020,"Thursday, 2020-03-19",19-Mar-20
3/20/2020,2304.92,19173.98,March 20 2020,"Friday, 2020-03-20",20-Mar-20
3/23/2020,2237.4,18591.93,March 23 2020,"Monday, 2020-03-23",23-Mar-20
3/24/2020,2447.33,20704.91,March 24 2020,"Tuesday, 2020-03-24",24-Mar-20
3/25/2020,2475.56,21200.55,March 25 2020,"Wednesday, 2020-03-25",25-Mar-20
3/26/2020,2630.07,22552.17,March 26 2020,"Thursday, 2020-03-26",26-Mar-20
3/27/2020,2541.47,21636.78,March 27 2020,"Friday, 2020-03-27",27-Mar-20
3/30/2020,2626.65,22327.48,March 30 2020,"Monday, 2020-03-30",30-Mar-20
3/31/2020,2584.59,21917.16,March 31 2020,"Tuesday, 2020-03-31",31-Mar-20
4/1/2020,2470.5,20943.51,April 01 2020,"Wednesday, 2020-04-01",1-Apr-20
4/2/2020,2526.9,21413.44,April 02 2020,"Thursday, 2020-04-02",2-Apr-20
4/3/2020,2488.65,21052.53,April 03 2020,"Friday, 2020-04-03",3-Apr-20
4/6/2020,2663.68,22679.99,April 06 2020,"Monday, 2020-04-06",6-Apr-20
4/7/2020,2659.41,22653.86,April 07 2020,"Tuesday, 2020-04-07",7-Apr-20
4/8/2020,2749.98,23433.57,April 08 2020,"Wednesday, 2020-04-08",8-Apr-20
4/9/2020,2789.82,23719.37,April 09 2020,"Thursday, 2020-04-09",9-Apr-20
4/10/2020,,,April 10 2020,"Friday, 2020-04-10",10-Apr-20
4/13/2020,2761.63,23390.77,April 13 2020,"Monday, 2020-04-13",13-Apr-20
4/14/2020,2846.06,23949.76,April 14 2020,"Tuesday, 2020-04-14",14-Apr-20
4/15/2020,2783.36,23504.35,April 15 2020,"Wednesday, 2020-04-15",15-Apr-20
4/16/2020,2799.55,23537.68,April 16 2020,"Thursday, 2020-04-16",16-Apr-20
4/17/2020,2874.56,24242.49,April 17 2020,"Friday, 2020-04-17",17-Apr-20
4/20/2020,2823.16,23650.44,April 20 2020,"Monday, 2020-04-20",20-Apr-20
4/21/2020,2736.56,23018.88,April 21 2020,"Tuesday, 2020-04-21",21-Apr-20
4/22/2020,2799.31,23475.82,April 22 2020,"Wednesday, 2020-04-22",22-Apr-20
4/23/2020,2797.8,23515.26,April 23 2020,"Thursday, 2020-04-23",23-Apr-20
4/24/2020,2836.74,23775.27,April 24 2020,"Friday, 2020-04-24",24-Apr-20
4/27/2020,2878.48,24133.78,April 27 2020,"Monday, 2020-04-27",27-Apr-20
4/28/2020,2863.39,24101.55,April 28 2020,"Tuesday, 2020-04-28",28-Apr-20
4/29/2020,2939.51,24633.86,April 29 2020,"Wednesday, 2020-04-29",29-Apr-20
4/30/2020,2912.43,24345.72,April 30 2020,"Thursday, 2020-04-30",30-Apr-20
5/1/2020,2830.71,23723.69,May 01 2020,"Friday, 2020-05-01",1-May-20
5/4/2020,2842.74,23749.76,May 04 2020,"Monday, 2020-05-04",4-May-20
5/5/2020,2868.44,23883.09,May 05 2020,"Tuesday, 2020-05-05",5-May-20
5/6/2020,2848.42,23664.64,May 06 2020,"Wednesday, 2020-05-06",6-May-20
5/7/2020,2881.19,23875.89,May 07 2020,"Thursday, 2020-05-07",7-May-20
5/8/2020,2929.8,24331.32,May 08 2020,"Friday, 2020-05-08",8-May-20
5/11/2020,2930.32,24221.99,May 11 2020,"Monday, 2020-05-11",11-May-20
5/12/2020,2870.12,23764.78,May 12 2020,"Tuesday, 2020-05-12",12-May-20
5/13/2020,2820,23247.97,May 13 2020,"Wednesday, 2020-05-13",13-May-20
5/14/2020,2852.5,23625.34,May 14 2020,"Thursday, 2020-05-14",14-May-20
5/15/2020,2863.7,23685.42,May 15 2020,"Friday, 2020-05-15",15-May-20
5/18/2020,2953.91,24597.37,May 18 2020,"Monday, 2020-05-18",18-May-20
5/19/2020,2922.94,24206.86,May 19 2020,"Tuesday, 2020-05-19",19-May-20
5/20/2020,2971.61,24575.9,May 20 2020,"Wednesday, 2020-05-20",20-May-20
5/21/2020,2948.51,24474.12,May 21 2020,"Thursday, 2020-05-21",21-May-20
5/22/2020,2955.45,24465.16,May 22 2020,"Friday, 2020-05-22",22-May-20
5/25/2020,,,May 25 2020,"Monday, 2020-05-25",25-May-20
5/26/2020,2991.77,24995.11,May 26 2020,"Tuesday, 2020-05-26",26-May-20
5/27/2020,3036.13,25548.27,May 27 2020,"Wednesday, 2020-05-27",27-May-20
5/28/2020,3029.73,25400.64,May 28 2020,"Thursday, 2020-05-28",28-May-20
5/29/2020,3044.31,25383.11,May 29 2020,"Friday, 2020-05-29",29-May-20
6/1/2020,3055.73,25475.02,June 01 2020,"Monday, 2020-06-01",1-Jun-20
6/2/2020,3080.82,25742.65,June 02 2020,"Tuesday, 2020-06-02",2-Jun-20
6/3/2020,3122.87,26269.89,June 03 2020,"Wednesday, 2020-06-03",3-Jun-20
6/4/2020,3112.35,26281.82,June 04 2020,"Thursday, 2020-06-04",4-Jun-20
6/5/2020,3193.93,27110.98,June 05 2020,"Friday, 2020-06-05",5-Jun-20
6/8/2020,3232.39,27572.44,June 08 2020,"Monday, 2020-06-08",8-Jun-20
6/9/2020,3207.18,27272.3,June 09 2020,"Tuesday, 2020-06-09",9-Jun-20
6/10/2020,3190.14,26989.99,June 10 2020,"Wednesday, 2020-06-10",10-Jun-20
6/11/2020,3002.1,25128.17,June 11 2020,"Thursday, 2020-06-11",11-Jun-20
6/12/2020,3041.31,25605.54,June 12 2020,"Friday, 2020-06-12",12-Jun-20
6/15/2020,3066.59,25763.16,June 15 2020,"Monday, 2020-06-15",15-Jun-20
6/16/2020,3124.74,26289.98,June 16 2020,"Tuesday, 2020-06-16",16-Jun-20
6/17/2020,3113.49,26119.61,June 17 2020,"Wednesday, 2020-06-17",17-Jun-20
6/18/2020,3115.34,26080.1,June 18 2020,"Thursday, 2020-06-18",18-Jun-20
6/19/2020,3097.74,25871.46,June 19 2020,"Friday, 2020-06-19",19-Jun-20
6/22/2020,3117.86,26024.96,June 22 2020,"Monday, 2020-06-22",22-Jun-20
6/23/2020,3131.29,26156.1,June 23 2020,"Tuesday, 2020-06-23",23-Jun-20
6/24/2020,3050.33,25445.94,June 24 2020,"Wednesday, 2020-06-24",24-Jun-20
6/25/2020,3083.76,25745.6,June 25 2020,"Thursday, 2020-06-25",25-Jun-20
6/26/2020,3009.05,25015.55,June 26 2020,"Friday, 2020-06-26",26-Jun-20
6/29/2020,3053.24,25595.8,June 29 2020,"Monday, 2020-06-29",29-Jun-20
6/30/2020,3100.29,25812.88,June 30 2020,"Tuesday, 2020-06-30",30-Jun-20
7/1/2020,3115.86,25734.97,July 01 2020,"Wednesday, 2020-07-01",1-Jul-20
7/2/2020,3130.01,25827.36,July 02 2020,"Thursday, 2020-07-02",2-Jul-20
7/3/2020,,,July 03 2020,"Friday, 2020-07-03",3-Jul-20
7/6/2020,3179.72,26287.03,July 06 2020,"Monday, 2020-07-06",6-Jul-20
7/7/2020,3145.32,25890.18,July 07 2020,"Tuesday, 2020-07-07",7-Jul-20
7/8/2020,3169.94,26067.28,July 08 2020,"Wednesday, 2020-07-08",8-Jul-20
7/9/2020,3152.05,25706.09,July 09 2020,"Thursday, 2020-07-09",9-Jul-20
7/10/2020,3185.04,26075.3,July 10 2020,"Friday, 2020-07-10",10-Jul-20
7/13/2020,3155.22,26085.8,July 13 2020,"Monday, 2020-07-13",13-Jul-20
7/14/2020,3197.52,26642.59,July 14 2020,"Tuesday, 2020-07-14",14-Jul-20
7/15/2020,3226.56,26870.1,July 15 2020,"Wednesday, 2020-07-15",15-Jul-20
7/16/2020,3215.57,26734.71,July 16 2020,"Thursday, 2020-07-16",16-Jul-20
7/17/2020,3224.73,26671.95,July 17 2020,"Friday, 2020-07-17",17-Jul-20
7/20/2020,3251.84,26680.87,July 20 2020,"Monday, 2020-07-20",20-Jul-20
7/21/2020,3257.3,26840.4,July 21 2020,"Tuesday, 2020-07-21",21-Jul-20
7/22/2020,3276.02,27005.84,July 22 2020,"Wednesday, 2020-07-22",22-Jul-20
7/23/2020,3235.66,26652.33,July 23 2020,"Thursday, 2020-07-23",23-Jul-20
7/24/2020,3215.63,26469.89,July 24 2020,"Friday, 2020-07-24",24-Jul-20
7/27/2020,3239.41,26584.77,July 27 2020,"Monday, 2020-07-27",27-Jul-20
7/28/2020,3218.44,26379.28,July 28 2020,"Tuesday, 2020-07-28",28-Jul-20
7/29/2020,3258.44,26539.57,July 29 2020,"Wednesday, 2020-07-29",29-Jul-20
7/30/2020,3246.22,26313.65,July 30 2020,"Thursday, 2020-07-30",30-Jul-20
7/31/2020,3271.12,26428.32,July 31 2020,"Friday, 2020-07-31",31-Jul-20
8/3/2020,3294.61,26664.4,August 03 2020,"Monday, 2020-08-03",3-Aug-20
8/4/2020,3306.51,26828.47,August 04 2020,"Tuesday, 2020-08-04",4-Aug-20
8/5/2020,3327.77,27201.52,August 05 2020,"Wednesday, 2020-08-05",5-Aug-20
8/6/2020,3349.16,27386.98,August 06 2020,"Thursday, 2020-08-06",6-Aug-20
8/7/2020,3351.28,27433.48,August 07 2020,"Friday, 2020-08-07",7-Aug-20
8/10/2020,3360.47,27791.44,August 10 2020,"Monday, 2020-08-10",10-Aug-20
8/11/2020,3333.69,27686.91,August 11 2020,"Tuesday, 2020-08-11",11-Aug-20
8/12/2020,3380.35,27976.84,August 12 2020,"Wednesday, 2020-08-12",12-Aug-20
8/13/2020,3373.43,27896.72,August 13 2020,"Thursday, 2020-08-13",13-Aug-20
8/14/2020,3372.85,27931.02,August 14 2020,"Friday, 2020-08-14",14-Aug-20
8/17/2020,3381.99,27844.91,August 17 2020,"Monday, 2020-08-17",17-Aug-20
8/18/2020,3389.78,27778.07,August 18 2020,"Tuesday, 2020-08-18",18-Aug-20
8/19/2020,3374.85,27692.88,August 19 2020,"Wednesday, 2020-08-19",19-Aug-20
8/20/2020,3385.51,27739.73,August 20 2020,"Thursday, 2020-08-20",20-Aug-20
8/21/2020,3397.16,27930.33,August 21 2020,"Friday, 2020-08-21",21-Aug-20
8/24/2020,3431.28,28308.46,August 24 2020,"Monday, 2020-08-24",24-Aug-20
8/25/2020,3443.62,28248.44,August 25 2020,"Tuesday, 2020-08-25",25-Aug-20
8/26/2020,3478.73,28331.92,August 26 2020,"Wednesday, 2020-08-26",26-Aug-20
8/27/2020,3484.55,28492.27,August 27 2020,"Thursday, 2020-08-27",27-Aug-20
8/28/2020,3508.01,28653.87,August 28 2020,"Friday, 2020-08-28",28-Aug-20
8/31/2020,3500.31,28430.05,August 31 2020,"Monday, 2020-08-31",31-Aug-20
9/1/2020,3526.65,28645.66,September 01 2020,"Tuesday, 2020-09-01",1-Sep-20
9/2/2020,3580.84,29100.5,September 02 2020,"Wednesday, 2020-09-02",2-Sep-20
9/3/2020,3455.06,28292.73,September 03 2020,"Thursday, 2020-09-03",3-Sep-20
9/4/2020,3426.96,28133.31,September 04 2020,"Friday, 2020-09-04",4-Sep-20
9/7/2020,,,September 07 2020,"Monday, 2020-09-07",7-Sep-20
9/8/2020,3331.84,27500.89,September 08 2020,"Tuesday, 2020-09-08",8-Sep-20
9/9/2020,3398.96,27940.47,September 09 2020,"Wednesday, 2020-09-09",9-Sep-20
9/10/2020,3339.19,27534.58,September 10 2020,"Thursday, 2020-09-10",10-Sep-20
9/11/2020,3340.97,27665.64,September 11 2020,"Friday, 2020-09-11",11-Sep-20
9/14/2020,3383.54,27993.33,September 14 2020,"Monday, 2020-09-14",14-Sep-20
9/15/2020,3401.2,27995.6,September 15 2020,"Tuesday, 2020-09-15",15-Sep-20
9/16/2020,3385.49,28032.38,September 16 2020,"Wednesday, 2020-09-16",16-Sep-20
9/17/2020,3357.01,27901.98,September 17 2020,"Thursday, 2020-09-17",17-Sep-20
9/18/2020,3319.47,27657.42,September 18 2020,"Friday, 2020-09-18",18-Sep-20
9/21/2020,3281.06,27147.7,September 21 2020,"Monday, 2020-09-21",21-Sep-20
9/22/2020,3315.57,27288.18,September 22 2020,"Tuesday, 2020-09-22",22-Sep-20
9/23/2020,3236.92,26763.13,September 23 2020,"Wednesday, 2020-09-23",23-Sep-20
9/24/2020,3246.59,26815.44,September 24 2020,"Thursday, 2020-09-24",24-Sep-20
9/25/2020,3298.46,27173.96,September 25 2020,"Friday, 2020-09-25",25-Sep-20
9/28/2020,3351.6,27584.06,September 28 2020,"Monday, 2020-09-28",28-Sep-20
9/29/2020,3335.47,27452.66,September 29 2020,"Tuesday, 2020-09-29",29-Sep-20
9/30/2020,3363,27781.7,September 30 2020,"Wednesday, 2020-09-30",30-Sep-20
10/1/2020,3380.8,27816.9,October 01 2020,"Thursday, 2020-10-01",1-Oct-20
10/2/2020,3348.44,27682.81,October 02 2020,"Friday, 2020-10-02",2-Oct-20
10/5/2020,3408.63,28148.64,October 05 2020,"Monday, 2020-10-05",5-Oct-20
10/6/2020,3360.95,27772.76,October 06 2020,"Tuesday, 2020-10-06",6-Oct-20
10/7/2020,3419.45,28303.46,October 07 2020,"Wednesday, 2020-10-07",7-Oct-20
10/8/2020,3446.83,28425.51,October 08 2020,"Thursday, 2020-10-08",8-Oct-20
10/9/2020,3477.13,28586.9,October 09 2020,"Friday, 2020-10-09",9-Oct-20
10/12/2020,3534.22,28837.52,October 12 2020,"Monday, 2020-10-12",12-Oct-20
10/13/2020,3511.93,28679.81,October 13 2020,"Tuesday, 2020-10-13",13-Oct-20
10/14/2020,3488.67,28514,October 14 2020,"Wednesday, 2020-10-14",14-Oct-20
10/15/2020,3483.34,28494.2,October 15 2020,"Thursday, 2020-10-15",15-Oct-20
10/16/2020,3483.81,28606.31,October 16 2020,"Friday, 2020-10-16",16-Oct-20
10/19/2020,3426.92,28195.42,October 19 2020,"Monday, 2020-10-19",19-Oct-20
10/20/2020,3443.12,28308.79,October 20 2020,"Tuesday, 2020-10-20",20-Oct-20
10/21/2020,3435.56,28210.82,October 21 2020,"Wednesday, 2020-10-21",21-Oct-20
10/22/2020,3453.49,28363.66,October 22 2020,"Thursday, 2020-10-22",22-Oct-20
10/23/2020,3465.39,28335.57,October 23 2020,"Friday, 2020-10-23",23-Oct-20
10/26/2020,3400.97,27685.38,October 26 2020,"Monday, 2020-10-26",26-Oct-20
10/27/2020,3390.68,27463.19,October 27 2020,"Tuesday, 2020-10-27",27-Oct-20
10/28/2020,3271.03,26519.95,October 28 2020,"Wednesday, 2020-10-28",28-Oct-20
10/29/2020,3310.11,26659.11,October 29 2020,"Thursday, 2020-10-29",29-Oct-20
10/30/2020,3269.96,26501.6,October 30 2020,"Friday, 2020-10-30",30-Oct-20
11/2/2020,3310.24,26925.05,November 02 2020,"Monday, 2020-11-02",2-Nov-20
11/3/2020,3369.16,27480.03,November 03 2020,"Tuesday, 2020-11-03",3-Nov-20
11/4/2020,3443.44,27847.66,November 04 2020,"Wednesday, 2020-11-04",4-Nov-20
11/5/2020,3510.45,28390.18,November 05 2020,"Thursday, 2020-11-05",5-Nov-20
11/6/2020,3509.44,28323.4,November 06 2020,"Friday, 2020-11-06",6-Nov-20
11/9/2020,3550.5,29157.97,November 09 2020,"Monday, 2020-11-09",9-Nov-20
11/10/2020,3545.53,29420.92,November 10 2020,"Tuesday, 2020-11-10",10-Nov-20
11/11/2020,3572.66,29397.63,November 11 2020,"Wednesday, 2020-11-11",11-Nov-20
11/12/2020,3537.01,29080.17,November 12 2020,"Thursday, 2020-11-12",12-Nov-20
11/13/2020,3585.15,29479.81,November 13 2020,"Friday, 2020-11-13",13-Nov-20
11/16/2020,3626.91,29950.44,November 16 2020,"Monday, 2020-11-16",16-Nov-20
11/17/2020,3609.53,29783.35,November 17 2020,"Tuesday, 2020-11-17",17-Nov-20
11/18/2020,3567.79,29438.42,November 18 2020,"Wednesday, 2020-11-18",18-Nov-20
11/19/2020,3581.87,29483.23,November 19 2020,"Thursday, 2020-11-19",19-Nov-20
11/20/2020,3557.54,29263.48,November 20 2020,"Friday, 2020-11-20",20-Nov-20
11/23/2020,3577.59,29591.27,November 23 2020,"Monday, 2020-11-23",23-Nov-20
11/24/2020,3635.41,30046.24,November 24 2020,"Tuesday, 2020-11-24",24-Nov-20
11/25/2020,3629.65,29872.47,November 25 2020,"Wednesday, 2020-11-25",25-Nov-20
11/26/2020,,,November 26 2020,"Thursday, 2020-11-26",26-Nov-20
11/27/2020,3638.35,29910.37,November 27 2020,"Friday, 2020-11-27",27-Nov-20
11/30/2020,3621.63,29638.64,November 30 2020,"Monday, 2020-11-30",30-Nov-20
12/1/2020,3662.45,29823.92,December 01 2020,"Tuesday, 2020-12-01",1-Dec-20
12/2/2020,3669.01,29883.79,December 02 2020,"Wednesday, 2020-12-02",2-Dec-20
12/3/2020,3666.72,29969.52,December 03 2020,"Thursday, 2020-12-03",3-Dec-20
12/4/2020,3699.12,30218.26,December 04 2020,"Friday, 2020-12-04",4-Dec-20
12/7/2020,3691.96,30069.79,December 07 2020,"Monday, 2020-12-07",7-Dec-20
12/8/2020,3702.25,30173.88,December 08 2020,"Tuesday, 2020-12-08",8-Dec-20
12/9/2020,3672.82,30068.81,December 09 2020,"Wednesday, 2020-12-09",9-Dec-20
12/10/2020,3668.1,29999.26,December 10 2020,"Thursday, 2020-12-10",10-Dec-20
12/11/2020,3663.46,30046.37,December 11 2020,"Friday, 2020-12-11",11-Dec-20
12/14/2020,3647.49,29861.55,December 14 2020,"Monday, 2020-12-14",14-Dec-20
12/15/2020,3694.62,30199.31,December 15 2020,"Tuesday, 2020-12-15",15-Dec-20
12/16/2020,3701.17,30154.54,December 16 2020,"Wednesday, 2020-12-16",16-Dec-20
12/17/2020,3722.48,30303.37,December 17 2020,"Thursday, 2020-12-17",17-Dec-20
12/18/2020,3709.41,30179.05,December 18 2020,"Friday, 2020-12-18",18-Dec-20
12/21/2020,3694.92,30216.45,December 21 2020,"Monday, 2020-12-21",21-Dec-20
12/22/2020,3687.26,30015.51,December 22 2020,"Tuesday, 2020-12-22",22-Dec-20
12/23/2020,3690.01,30129.83,December 23 2020,"Wednesday, 2020-12-23",23-Dec-20
12/24/2020,3703.06,30199.87,December 24 2020,"Thursday, 2020-12-24",24-Dec-20
12/25/2020,,,December 25 2020,"Friday, 2020-12-25",25-Dec-20
12/28/2020,3735.36,30403.97,December 28 2020,"Monday, 2020-12-28",28-Dec-20
12/29/2020,3727.04,30335.67,December 29 2020,"Tuesday, 2020-12-29",29-Dec-20
12/30/2020,3732.04,30409.56,December 30 2020,"Wednesday, 2020-12-30",30-Dec-20
12/31/2020,3756.07,30606.48,December 31 2020,"Thursday, 2020-12-31",31-Dec-20
1/1/2021,,,January 01 2021,"Friday, 2021-01-01",1-Jan-21
1/4/2021,3700.65,30223.89,January 04 2021,"Monday, 2021-01-04",4-Jan-21
1/5/2021,3726.86,30391.6,January 05 2021,"Tuesday, 2021-01-05",5-Jan-21
1/6/2021,3748.14,30829.4,January 06 2021,"Wednesday, 2021-01-06",6-Jan-21
1/7/2021,3803.79,31041.13,January 07 2021,"Thursday, 2021-01-07",7-Jan-21
1/8/2021,3824.68,31097.97,January 08 2021,"Friday, 2021-01-08",8-Jan-21
1/11/2021,3799.61,31008.69,January 11 2021,"Monday, 2021-01-11",11-Jan-21
1/12/2021,3801.19,31068.69,January 12 2021,"Tuesday, 2021-01-12",12-Jan-21
1/13/2021,3809.84,31060.47,January 13 2021,"Wednesday, 2021-01-13",13-Jan-21
1/14/2021,3795.54,30991.52,January 14 2021,"Thursday, 2021-01-14",14-Jan-21
1/15/2021,3768.25,30814.26,January 15 2021,"Friday, 2021-01-15",15-Jan-21
1/18/2021,,,January 18 2021,"Monday, 2021-01-18",18-Jan-21
1/19/2021,3798.91,30930.52,January 19 2021,"Tuesday, 2021-01-19",19-Jan-21
1/20/2021,3851.85,31188.38,January 20 2021,"Wednesday, 2021-01-20",20-Jan-21
1/21/2021,3853.07,31176.01,January 21 2021,"Thursday, 2021-01-21",21-Jan-21
1/22/2021,3841.47,30996.98,January 22 2021,"Friday, 2021-01-22",22-Jan-21
1/25/2021,3855.36,30960,January 25 2021,"Monday, 2021-01-25",25-Jan-21
1/26/2021,3849.62,30937.04,January 26 2021,"Tuesday, 2021-01-26",26-Jan-21
1/27/2021,3750.77,30303.17,January 27 2021,"Wednesday, 2021-01-27",27-Jan-21
1/28/2021,3787.38,30603.36,January 28 2021,"Thursday, 2021-01-28",28-Jan-21
1/29/2021,3714.24,29982.62,January 29 2021,"Friday, 2021-01-29",29-Jan-21
2/1/2021,3773.86,30211.91,February 01 2021,"Monday, 2021-02-01",1-Feb-21
2/2/2021,3826.31,30687.48,February 02 2021,"Tuesday, 2021-02-02",2-Feb-21
2/3/2021,3830.17,30723.6,February 03 2021,"Wednesday, 2021-02-03",3-Feb-21
2/4/2021,3871.74,31055.86,February 04 2021,"Thursday, 2021-02-04",4-Feb-21
2/5/2021,3886.83,31148.24,February 05 2021,"Friday, 2021-02-05",5-Feb-21
2/8/2021,3915.59,31385.76,February 08 2021,"Monday, 2021-02-08",8-Feb-21
2/9/2021,3911.23,31375.83,February 09 2021,"Tuesday, 2021-02-09",9-Feb-21
2/10/2021,3909.88,31437.8,February 10 2021,"Wednesday, 2021-02-10",10-Feb-21
2/11/2021,3916.38,31430.7,February 11 2021,"Thursday, 2021-02-11",11-Feb-21
2/12/2021,3934.83,31458.4,February 12 2021,"Friday, 2021-02-12",12-Feb-21
2/15/2021,,,February 15 2021,"Monday, 2021-02-15",15-Feb-21
2/16/2021,3932.59,31522.75,February 16 2021,"Tuesday, 2021-02-16",16-Feb-21
2/17/2021,3931.33,31613.02,February 17 2021,"Wednesday, 2021-02-17",17-Feb-21
2/18/2021,3913.97,31493.34,February 18 2021,"Thursday, 2021-02-18",18-Feb-21
2/19/2021,3906.71,31494.32,February 19 2021,"Friday, 2021-02-19",19-Feb-21
2/22/2021,3876.5,31521.69,February 22 2021,"Monday, 2021-02-22",22-Feb-21
2/23/2021,3881.37,31537.35,February 23 2021,"Tuesday, 2021-02-23",23-Feb-21
2/24/2021,3925.43,31961.86,February 24 2021,"Wednesday, 2021-02-24",24-Feb-21
2/25/2021,3829.34,31402.01,February 25 2021,"Thursday, 2021-02-25",25-Feb-21
2/26/2021,3811.15,30932.37,February 26 2021,"Friday, 2021-02-26",26-Feb-21
3/1/2021,3901.82,31535.51,March 01 2021,"Monday, 2021-03-01",1-Mar-21
3/2/2021,3870.29,31391.52,March 02 2021,"Tuesday, 2021-03-02",2-Mar-21
3/3/2021,3819.72,31270.09,March 03 2021,"Wednesday, 2021-03-03",3-Mar-21
3/4/2021,3768.47,30924.14,March 04 2021,"Thursday, 2021-03-04",4-Mar-21
3/5/2021,3841.94,31496.3,March 05 2021,"Friday, 2021-03-05",5-Mar-21
3/8/2021,3821.35,31802.44,March 08 2021,"Monday, 2021-03-08",8-Mar-21
3/9/2021,3875.44,31832.74,March 09 2021,"Tuesday, 2021-03-09",9-Mar-21
3/10/2021,3898.81,32297.02,March 10 2021,"Wednesday, 2021-03-10",10-Mar-21
3/11/2021,3939.34,32485.59,March 11 2021,"Thursday, 2021-03-11",11-Mar-21
3/12/2021,3943.34,32778.64,March 12 2021,"Friday, 2021-03-12",12-Mar-21
3/15/2021,3968.94,32953.46,March 15 2021,"Monday, 2021-03-15",15-Mar-21
3/16/2021,3962.71,32825.95,March 16 2021,"Tuesday, 2021-03-16",16-Mar-21
3/17/2021,3974.12,33015.37,March 17 2021,"Wednesday, 2021-03-17",17-Mar-21
3/18/2021,3915.46,32862.3,March 18 2021,"Thursday, 2021-03-18",18-Mar-21
3/19/2021,3913.1,32627.97,March 19 2021,"Friday, 2021-03-19",19-Mar-21
3/22/2021,3940.59,32731.2,March 22 2021,"Monday, 2021-03-22",22-Mar-21
3/23/2021,3910.52,32423.15,March 23 2021,"Tuesday, 2021-03-23",23-Mar-21
3/24/2021,3889.14,32420.06,March 24 2021,"Wednesday, 2021-03-24",24-Mar-21
3/25/2021,3909.52,32619.48,March 25 2021,"Thursday, 2021-03-25",25-Mar-21
3/26/2021,3974.54,33072.88,March 26 2021,"Friday, 2021-03-26",26-Mar-21
3/29/2021,3971.09,33171.37,March 29 2021,"Monday, 2021-03-29",29-Mar-21
3/30/2021,3958.55,33066.96,March 30 2021,"Tuesday, 2021-03-30",30-Mar-21
3/31/2021,3972.89,32981.55,March 31 2021,"Wednesday, 2021-03-31",31-Mar-21
4/1/2021,4019.87,33153.21,April 01 2021,"Thursday, 2021-04-01",1-Apr-21
4/2/2021,,,April 02 2021,"Friday, 2021-04-02",2-Apr-21
4/5/2021,4077.91,33527.19,April 05 2021,"Monday, 2021-04-05",5-Apr-21
4/6/2021,4073.94,33430.24,April 06 2021,"Tuesday, 2021-04-06",6-Apr-21
4/7/2021,4079.95,33446.26,April 07 2021,"Wednesday, 2021-04-07",7-Apr-21
4/8/2021,4097.17,33503.57,April 08 2021,"Thursday, 2021-04-08",8-Apr-21
4/9/2021,4128.8,33800.6,April 09 2021,"Friday, 2021-04-09",9-Apr-21
4/12/2021,4127.99,33745.4,April 12 2021,"Monday, 2021-04-12",12-Apr-21
4/13/2021,4141.59,33677.27,April 13 2021,"Tuesday, 2021-04-13",13-Apr-21
4/14/2021,4124.66,33730.89,April 14 2021,"Wednesday, 2021-04-14",14-Apr-21
4/15/2021,4170.42,34035.99,April 15 2021,"Thursday, 2021-04-15",15-Apr-21
4/16/2021,4185.47,34200.67,April 16 2021,"Friday, 2021-04-16",16-Apr-21
4/19/2021,4163.26,34077.63,April 19 2021,"Monday, 2021-04-19",19-Apr-21
4/20/2021,4134.94,33821.3,April 20 2021,"Tuesday, 2021-04-20",20-Apr-21
4/21/2021,4173.42,34137.31,April 21 2021,"Wednesday, 2021-04-21",21-Apr-21
4/22/2021,4134.98,33815.9,April 22 2021,"Thursday, 2021-04-22",22-Apr-21
4/23/2021,4180.17,34043.49,April 23 2021,"Friday, 2021-04-23",23-Apr-21
4/26/2021,4187.62,33981.57,April 26 2021,"Monday, 2021-04-26",26-Apr-21
4/27/2021,4186.72,33984.93,April 27 2021,"Tuesday, 2021-04-27",27-Apr-21
4/28/2021,4183.18,33820.38,April 28 2021,"Wednesday, 2021-04-28",28-Apr-21
4/29/2021,4211.47,34060.36,April 29 2021,"Thursday, 2021-04-29",29-Apr-21
4/30/2021,4181.17,33874.85,April 30 2021,"Friday, 2021-04-30",30-Apr-21
5/3/2021,4192.66,34113.23,May 03 2021,"Monday, 2021-05-03",3-May-21
5/4/2021,4164.66,34133.03,May 04 2021,"Tuesday, 2021-05-04",4-May-21
5/5/2021,4167.59,34230.34,May 05 2021,"Wednesday, 2021-05-05",5-May-21
5/6/2021,4201.62,34548.53,May 06 2021,"Thursday, 2021-05-06",6-May-21
5/7/2021,4232.6,34777.76,May 07 2021,"Friday, 2021-05-07",7-May-21
5/10/2021,4188.43,34742.82,May 10 2021,"Monday, 2021-05-10",10-May-21
5/11/2021,4152.1,34269.16,May 11 2021,"Tuesday, 2021-05-11",11-May-21
5/12/2021,4063.04,33587.66,May 12 2021,"Wednesday, 2021-05-12",12-May-21
5/13/2021,4112.5,34021.45,May 13 2021,"Thursday, 2021-05-13",13-May-21
5/14/2021,4173.85,34382.13,May 14 2021,"Friday, 2021-05-14",14-May-21
5/17/2021,4163.29,34327.79,May 17 2021,"Monday, 2021-05-17",17-May-21
5/18/2021,4127.83,34060.66,May 18 2021,"Tuesday, 2021-05-18",18-May-21
5/19/2021,4115.68,33896.04,May 19 2021,"Wednesday, 2021-05-19",19-May-21
5/20/2021,4159.12,34084.15,May 20 2021,"Thursday, 2021-05-20",20-May-21
5/21/2021,4155.86,34207.84,May 21 2021,"Friday, 2021-05-21",21-May-21
5/24/2021,4197.05,34393.98,May 24 2021,"Monday, 2021-05-24",24-May-21
5/25/2021,4188.13,34312.46,May 25 2021,"Tuesday, 2021-05-25",25-May-21
5/26/2021,4195.99,34323.05,May 26 2021,"Wednesday, 2021-05-26",26-May-21
5/27/2021,4200.88,34464.64,May 27 2021,"Thursday, 2021-05-27",27-May-21
5/28/2021,4204.11,34529.45,May 28 2021,"Friday, 2021-05-28",28-May-21
5/31/2021,,,May 31 2021,"Monday, 2021-05-31",31-May-21
6/1/2021,4202.04,34575.31,June 01 2021,"Tuesday, 2021-06-01",1-Jun-21
6/2/2021,4208.12,34600.38,June 02 2021,"Wednesday, 2021-06-02",2-Jun-21
6/3/2021,4192.85,34577.04,June 03 2021,"Thursday, 2021-06-03",3-Jun-21
6/4/2021,4229.89,34756.39,June 04 2021,"Friday, 2021-06-04",4-Jun-21
6/7/2021,4226.52,34630.24,June 07 2021,"Monday, 2021-06-07",7-Jun-21
6/8/2021,4227.26,34599.82,June 08 2021,"Tuesday, 2021-06-08",8-Jun-21
6/9/2021,4219.55,34447.14,June 09 2021,"Wednesday, 2021-06-09",9-Jun-21
6/10/2021,4239.18,34466.24,June 10 2021,"Thursday, 2021-06-10",10-Jun-21
6/11/2021,4247.44,34479.6,June 11 2021,"Friday, 2021-06-11",11-Jun-21
6/14/2021,4255.15,34393.75,June 14 2021,"Monday, 2021-06-14",14-Jun-21
6/15/2021,4246.59,34299.33,June 15 2021,"Tuesday, 2021-06-15",15-Jun-21
6/16/2021,4223.7,34033.67,June 16 2021,"Wednesday, 2021-06-16",16-Jun-21
6/17/2021,4221.86,33823.45,June 17 2021,"Thursday, 2021-06-17",17-Jun-21
6/18/2021,4166.45,33290.08,June 18 2021,"Friday, 2021-06-18",18-Jun-21
6/21/2021,4224.79,33876.97,June 21 2021,"Monday, 2021-06-21",21-Jun-21
6/22/2021,4246.44,33945.58,June 22 2021,"Tuesday, 2021-06-22",22-Jun-21
6/23/2021,4241.84,33874.24,June 23 2021,"Wednesday, 2021-06-23",23-Jun-21
6/24/2021,4266.49,34196.82,June 24 2021,"Thursday, 2021-06-24",24-Jun-21
6/25/2021,4280.7,34433.84,June 25 2021,"Friday, 2021-06-25",25-Jun-21
6/28/2021,4290.61,34283.27,June 28 2021,"Monday, 2021-06-28",28-Jun-21
6/29/2021,4291.8,34292.29,June 29 2021,"Tuesday, 2021-06-29",29-Jun-21
6/30/2021,4297.5,34502.51,June 30 2021,"Wednesday, 2021-06-30",30-Jun-21
7/1/2021,4319.94,34633.53,July 01 2021,"Thursday, 2021-07-01",1-Jul-21
7/2/2021,4352.34,34786.35,July 02 2021,"Friday, 2021-07-02",2-Jul-21
7/5/2021,,,July 05 2021,"Monday, 2021-07-05",5-Jul-21
7/6/2021,4343.54,34577.37,July 06 2021,"Tuesday, 2021-07-06",6-Jul-21
7/7/2021,4358.13,34681.79,July 07 2021,"Wednesday, 2021-07-07",7-Jul-21
7/8/2021,4320.82,34421.93,July 08 2021,"Thursday, 2021-07-08",8-Jul-21
7/9/2021,4369.55,34870.16,July 09 2021,"Friday, 2021-07-09",9-Jul-21
7/12/2021,4384.63,34996.18,July 12 2021,"Monday, 2021-07-12",12-Jul-21
7/13/2021,4369.21,34888.79,July 13 2021,"Tuesday, 2021-07-13",13-Jul-21
7/14/2021,4374.3,34933.23,July 14 2021,"Wednesday, 2021-07-14",14-Jul-21
7/15/2021,4360.03,34987.02,July 15 2021,"Thursday, 2021-07-15",15-Jul-21
7/16/2021,4327.16,34687.85,July 16 2021,"Friday, 2021-07-16",16-Jul-21
7/19/2021,4258.49,33962.04,July 19 2021,"Monday, 2021-07-19",19-Jul-21
7/20/2021,4323.06,34511.99,July 20 2021,"Tuesday, 2021-07-20",20-Jul-21
7/21/2021,4358.69,34798,July 21 2021,"Wednesday, 2021-07-21",21-Jul-21
7/22/2021,4367.48,34823.35,July 22 2021,"Thursday, 2021-07-22",22-Jul-21
7/23/2021,4411.79,35061.55,July 23 2021,"Friday, 2021-07-23",23-Jul-21
7/26/2021,4422.3,35144.31,July 26 2021,"Monday, 2021-07-26",26-Jul-21
7/27/2021,4401.46,35058.52,July 27 2021,"Tuesday, 2021-07-27",27-Jul-21
7/28/2021,4400.64,34930.93,July 28 2021,"Wednesday, 2021-07-28",28-Jul-21
7/29/2021,4419.15,35084.53,July 29 2021,"Thursday, 2021-07-29",29-Jul-21
7/30/2021,4395.26,34935.47,July 30 2021,"Friday, 2021-07-30",30-Jul-21
8/2/2021,4387.16,34838.16,August 02 2021,"Monday, 2021-08-02",2-Aug-21
8/3/2021,4423.15,35116.4,August 03 2021,"Tuesday, 2021-08-03",3-Aug-21
8/4/2021,4402.66,34792.67,August 04 2021,"Wednesday, 2021-08-04",4-Aug-21
8/5/2021,4429.1,35064.25,August 05 2021,"Thursday, 2021-08-05",5-Aug-21
8/6/2021,4436.52,35208.51,August 06 2021,"Friday, 2021-08-06",6-Aug-21
8/9/2021,4432.35,35101.85,August 09 2021,"Monday, 2021-08-09",9-Aug-21
8/10/2021,4436.75,35264.67,August 10 2021,"Tuesday, 2021-08-10",10-Aug-21
8/11/2021,4447.7,35484.97,August 11 2021,"Wednesday, 2021-08-11",11-Aug-21
8/12/2021,4460.83,35499.85,August 12 2021,"Thursday, 2021-08-12",12-Aug-21
8/13/2021,4468,35515.38,August 13 2021,"Friday, 2021-08-13",13-Aug-21
8/16/2021,4479.71,35625.4,August 16 2021,"Monday, 2021-08-16",16-Aug-21
8/17/2021,4448.08,35343.28,August 17 2021,"Tuesday, 2021-08-17",17-Aug-21
8/18/2021,4400.27,34960.69,August 18 2021,"Wednesday, 2021-08-18",18-Aug-21
8/19/2021,4405.8,34894.12,August 19 2021,"Thursday, 2021-08-19",19-Aug-21
8/20/2021,4441.67,35120.08,August 20 2021,"Friday, 2021-08-20",20-Aug-21
8/23/2021,4479.53,35335.71,August 23 2021,"Monday, 2021-08-23",23-Aug-21
8/24/2021,4486.23,35366.26,August 24 2021,"Tuesday, 2021-08-24",24-Aug-21
8/25/2021,4496.19,35405.5,August 25 2021,"Wednesday, 2021-08-25",25-Aug-21
8/26/2021,4470,35213.12,August 26 2021,"Thursday, 2021-08-26",26-Aug-21
8/27/2021,4509.37,35455.8,August 27 2021,"Friday, 2021-08-27",27-Aug-21
8/30/2021,4528.79,35399.84,August 30 2021,"Monday, 2021-08-30",30-Aug-21
8/31/2021,4522.68,35360.73,August 31 2021,"Tuesday, 2021-08-31",31-Aug-21
9/1/2021,4524.09,35312.53,September 01 2021,"Wednesday, 2021-09-01",1-Sep-21
9/2/2021,4536.95,35443.82,September 02 2021,"Thursday, 2021-09-02",2-Sep-21
9/3/2021,4535.43,35369.09,September 03 2021,"Friday, 2021-09-03",3-Sep-21
9/6/2021,,,September 06 2021,"Monday, 2021-09-06",6-Sep-21
9/7/2021,4520.03,35100,September 07 2021,"Tuesday, 2021-09-07",7-Sep-21
9/8/2021,4514.07,35031.07,September 08 2021,"Wednesday, 2021-09-08",8-Sep-21
9/9/2021,4493.28,34879.38,September 09 2021,"Thursday, 2021-09-09",9-Sep-21
9/10/2021,4458.58,34607.72,September 10 2021,"Friday, 2021-09-10",10-Sep-21
9/13/2021,4468.73,34869.63,September 13 2021,"Monday, 2021-09-13",13-Sep-21
9/14/2021,4443.05,34577.57,September 14 2021,"Tuesday, 2021-09-14",14-Sep-21
9/15/2021,4480.7,34814.39,September 15 2021,"Wednesday, 2021-09-15",15-Sep-21
9/16/2021,4473.75,34751.32,September 16 2021,"Thursday, 2021-09-16",16-Sep-21
9/17/2021,4432.99,34584.88,September 17 2021,"Friday, 2021-09-17",17-Sep-21
9/20/2021,4357.73,33970.47,September 20 2021,"Monday, 2021-09-20",20-Sep-21
9/21/2021,4354.19,33919.84,September 21 2021,"Tuesday, 2021-09-21",21-Sep-21
9/22/2021,4395.64,34258.32,September 22 2021,"Wednesday, 2021-09-22",22-Sep-21
9/23/2021,4448.98,34764.82,September 23 2021,"Thursday, 2021-09-23",23-Sep-21
9/24/2021,4455.48,34798,September 24 2021,"Friday, 2021-09-24",24-Sep-21
9/27/2021,4443.11,34869.37,September 27 2021,"Monday, 2021-09-27",27-Sep-21
9/28/2021,4352.63,34299.99,September 28 2021,"Tuesday, 2021-09-28",28-Sep-21
9/29/2021,4359.46,34390.72,September 29 2021,"Wednesday, 2021-09-29",29-Sep-21
9/30/2021,4307.54,33843.92,September 30 2021,"Thursday, 2021-09-30",30-Sep-21
10/1/2021,4357.04,34326.46,October 01 2021,"Friday, 2021-10-01",1-Oct-21
10/4/2021,4300.46,34002.92,October 04 2021,"Monday, 2021-10-04",4-Oct-21
10/5/2021,4345.72,34314.67,October 05 2021,"Tuesday, 2021-10-05",5-Oct-21
10/6/2021,4363.55,34416.99,October 06 2021,"Wednesday, 2021-10-06",6-Oct-21
10/7/2021,4399.76,34754.94,October 07 2021,"Thursday, 2021-10-07",7-Oct-21
10/8/2021,4391.34,34746.25,October 08 2021,"Friday, 2021-10-08",8-Oct-21
10/11/2021,4361.19,34496.06,October 11 2021,"Monday, 2021-10-11",11-Oct-21
10/12/2021,4350.65,34378.34,October 12 2021,"Tuesday, 2021-10-12",12-Oct-21
10/13/2021,4363.8,34377.81,October 13 2021,"Wednesday, 2021-10-13",13-Oct-21
10/14/2021,4438.26,34912.56,October 14 2021,"Thursday, 2021-10-14",14-Oct-21
10/15/2021,4471.37,35294.76,October 15 2021,"Friday, 2021-10-15",15-Oct-21
10/18/2021,4486.46,35258.61,October 18 2021,"Monday, 2021-10-18",18-Oct-21
10/19/2021,4519.63,35457.31,October 19 2021,"Tuesday, 2021-10-19",19-Oct-21
10/20/2021,4536.19,35609.34,October 20 2021,"Wednesday, 2021-10-20",20-Oct-21
10/21/2021,4549.78,35603.08,October 21 2021,"Thursday, 2021-10-21",21-Oct-21
10/22/2021,4544.9,35677.02,October 22 2021,"Friday, 2021-10-22",22-Oct-21
10/25/2021,4566.48,35741.15,October 25 2021,"Monday, 2021-10-25",25-Oct-21
10/26/2021,4574.79,35756.88,October 26 2021,"Tuesday, 2021-10-26",26-Oct-21
10/27/2021,4551.68,35490.69,October 27 2021,"Wednesday, 2021-10-27",27-Oct-21
10/28/2021,4596.42,35730.48,October 28 2021,"Thursday, 2021-10-28",28-Oct-21
10/29/2021,4605.38,35819.56,October 29 2021,"Friday, 2021-10-29",29-Oct-21
11/1/2021,4613.67,35913.84,November 01 2021,"Monday, 2021-11-01",1-Nov-21
11/2/2021,4630.65,36052.63,November 02 2021,"Tuesday, 2021-11-02",2-Nov-21
11/3/2021,4660.57,36157.58,November 03 2021,"Wednesday, 2021-11-03",3-Nov-21
11/4/2021,4680.06,36124.23,November 04 2021,"Thursday, 2021-11-04",4-Nov-21
11/5/2021,4697.53,36327.95,November 05 2021,"Friday, 2021-11-05",5-Nov-21
11/8/2021,4701.7,36432.22,November 08 2021,"Monday, 2021-11-08",8-Nov-21
11/9/2021,4685.25,36319.98,November 09 2021,"Tuesday, 2021-11-09",9-Nov-21
11/10/2021,4646.71,36079.94,November 10 2021,"Wednesday, 2021-11-10",10-Nov-21
11/11/2021,4649.27,35921.23,November 11 2021,"Thursday, 2021-11-11",11-Nov-21
11/12/2021,4682.85,36100.31,November 12 2021,"Friday, 2021-11-12",12-Nov-21
11/15/2021,4682.8,36087.45,November 15 2021,"Monday, 2021-11-15",15-Nov-21
11/16/2021,4700.9,36142.22,November 16 2021,"Tuesday, 2021-11-16",16-Nov-21
11/17/2021,4688.67,35931.05,November 17 2021,"Wednesday, 2021-11-17",17-Nov-21
11/18/2021,4704.54,35870.95,November 18 2021,"Thursday, 2021-11-18",18-Nov-21
11/19/2021,4697.96,35601.98,November 19 2021,"Friday, 2021-11-19",19-Nov-21
11/22/2021,4682.94,35619.25,November 22 2021,"Monday, 2021-11-22",22-Nov-21
11/23/2021,4690.7,35813.8,November 23 2021,"Tuesday, 2021-11-23",23-Nov-21
11/24/2021,4701.46,35804.38,November 24 2021,"Wednesday, 2021-11-24",24-Nov-21
11/25/2021,,,November 25 2021,"Thursday, 2021-11-25",25-Nov-21
11/26/2021,4594.62,34899.34,November 26 2021,"Friday, 2021-11-26",26-Nov-21
11/29/2021,4655.27,35135.94,November 29 2021,"Monday, 2021-11-29",29-Nov-21
11/30/2021,4567,34483.72,November 30 2021,"Tuesday, 2021-11-30",30-Nov-21
12/1/2021,4513.04,34022.04,December 01 2021,"Wednesday, 2021-12-01",1-Dec-21
12/2/2021,4577.1,34639.79,December 02 2021,"Thursday, 2021-12-02",2-Dec-21
12/3/2021,4538.43,34580.08,December 03 2021,"Friday, 2021-12-03",3-Dec-21
12/6/2021,4591.67,35227.03,December 06 2021,"Monday, 2021-12-06",6-Dec-21
12/7/2021,4686.75,35719.43,December 07 2021,"Tuesday, 2021-12-07",7-Dec-21
12/8/2021,4701.21,35754.75,December 08 2021,"Wednesday, 2021-12-08",8-Dec-21
12/9/2021,4667.45,35754.69,December 09 2021,"Thursday, 2021-12-09",9-Dec-21
12/10/2021,4712.02,35970.99,December 10 2021,"Friday, 2021-12-10",10-Dec-21
12/13/2021,4668.97,35650.95,December 13 2021,"Monday, 2021-12-13",13-Dec-21
12/14/2021,4634.09,35544.18,December 14 2021,"Tuesday, 2021-12-14",14-Dec-21
12/15/2021,4709.85,35927.43,December 15 2021,"Wednesday, 2021-12-15",15-Dec-21
12/16/2021,4668.67,35897.64,December 16 2021,"Thursday, 2021-12-16",16-Dec-21
12/17/2021,4620.64,35365.44,December 17 2021,"Friday, 2021-12-17",17-Dec-21
12/20/2021,4568.02,34932.16,December 20 2021,"Monday, 2021-12-20",20-Dec-21
12/21/2021,4649.23,35492.7,December 21 2021,"Tuesday, 2021-12-21",21-Dec-21
12/22/2021,4696.56,35753.89,December 22 2021,"Wednesday, 2021-12-22",22-Dec-21
12/23/2021,4725.79,35950.56,December 23 2021,"Thursday, 2021-12-23",23-Dec-21
12/24/2021,,,December 24 2021,"Friday, 2021-12-24",24-Dec-21
12/27/2021,4791.19,36302.38,December 27 2021,"Monday, 2021-12-27",27-Dec-21
12/28/2021,4786.35,36398.21,December 28 2021,"Tuesday, 2021-12-28",28-Dec-21
12/29/2021,4793.06,36488.63,December 29 2021,"Wednesday, 2021-12-29",29-Dec-21
12/30/2021,4778.73,36398.08,December 30 2021,"Thursday, 2021-12-30",30-Dec-21
12/31/2021,4766.18,36338.3,December 31 2021,"Friday, 2021-12-31",31-Dec-21
1/3/2022,4796.56,36585.06,January 03 2022,"Monday, 2022-01-03",3-Jan-22
1/4/2022,4793.54,36799.65,January 04 2022,"Tuesday, 2022-01-04",4-Jan-22
1/5/2022,4700.58,36407.11,January 05 2022,"Wednesday, 2022-01-05",5-Jan-22
1/6/2022,4696.05,36236.47,January 06 2022,"Thursday, 2022-01-06",6-Jan-22
1/7/2022,4677.03,36231.66,January 07 2022,"Friday, 2022-01-07",7-Jan-22
1/10/2022,4670.29,36068.87,January 10 2022,"Monday, 2022-01-10",10-Jan-22
1/11/2022,4713.07,36252.02,January 11 2022,"Tuesday, 2022-01-11",11-Jan-22
1/12/2022,4726.35,36290.32,January 12 2022,"Wednesday, 2022-01-12",12-Jan-22
1/13/2022,4659.03,36113.62,January 13 2022,"Thursday, 2022-01-13",13-Jan-22
1/14/2022,4662.85,35911.81,January 14 2022,"Friday, 2022-01-14",14-Jan-22
1/17/2022,,,January 17 2022,"Monday, 2022-01-17",17-Jan-22
1/18/2022,4577.11,35368.47,January 18 2022,"Tuesday, 2022-01-18",18-Jan-22
1/19/2022,4532.76,35028.65,January 19 2022,"Wednesday, 2022-01-19",19-Jan-22
1/20/2022,4482.73,34715.39,January 20 2022,"Thursday, 2022-01-20",20-Jan-22
1/21/2022,4397.94,34265.37,January 21 2022,"Friday, 2022-01-21",21-Jan-22
1/24/2022,4410.13,34364.5,January 24 2022,"Monday, 2022-01-24",24-Jan-22
1/25/2022,4356.45,34297.73,January 25 2022,"Tuesday, 2022-01-25",25-Jan-22
1/26/2022,4349.93,34168.09,January 26 2022,"Wednesday, 2022-01-26",26-Jan-22
1/27/2022,4326.51,34160.78,January 27 2022,"Thursday, 2022-01-27",27-Jan-22
1/28/2022,4431.85,34725.47,January 28 2022,"Friday, 2022-01-28",28-Jan-22
1/31/2022,4515.55,35131.86,January 31 2022,"Monday, 2022-01-31",31-Jan-22
2/1/2022,4546.54,35405.24,February 01 2022,"Tuesday, 2022-02-01",1-Feb-22
2/2/2022,4589.38,35629.33,February 02 2022,"Wednesday, 2022-02-02",2-Feb-22
2/3/2022,4477.44,35111.16,February 03 2022,"Thursday, 2022-02-03",3-Feb-22
2/4/2022,4500.53,35089.74,February 04 2022,"Friday, 2022-02-04",4-Feb-22
2/7/2022,4483.87,35091.13,February 07 2022,"Monday, 2022-02-07",7-Feb-22
2/8/2022,4521.54,35462.78,February 08 2022,"Tuesday, 2022-02-08",8-Feb-22
2/9/2022,4587.18,35768.06,February 09 2022,"Wednesday, 2022-02-09",9-Feb-22
2/10/2022,4504.08,35241.59,February 10 2022,"Thursday, 2022-02-10",10-Feb-22
2/11/2022,4418.64,34738.06,February 11 2022,"Friday, 2022-02-11",11-Feb-22
2/14/2022,4401.67,34566.17,February 14 2022,"Monday, 2022-02-14",14-Feb-22
2/15/2022,4471.07,34988.84,February 15 2022,"Tuesday, 2022-02-15",15-Feb-22
2/16/2022,4475.01,34934.27,February 16 2022,"Wednesday, 2022-02-16",16-Feb-22
2/17/2022,4380.26,34312.03,February 17 2022,"Thursday, 2022-02-17",17-Feb-22
2/18/2022,4348.87,34079.18,February 18 2022,"Friday, 2022-02-18",18-Feb-22
2/21/2022,,,February 21 2022,"Monday, 2022-02-21",21-Feb-22
2/22/2022,4304.76,33596.61,February 22 2022,"Tuesday, 2022-02-22",22-Feb-22
2/23/2022,4225.5,33131.76,February 23 2022,"Wednesday, 2022-02-23",23-Feb-22
2/24/2022,4288.7,33223.83,February 24 2022,"Thursday, 2022-02-24",24-Feb-22
2/25/2022,4384.65,34058.75,February 25 2022,"Friday, 2022-02-25",25-Feb-22
2/28/2022,4373.94,33892.6,February 28 2022,"Monday, 2022-02-28",28-Feb-22
3/1/2022,4306.26,33294.95,March 01 2022,"Tuesday, 2022-03-01",1-Mar-22
3/2/2022,4386.54,33891.35,March 02 2022,"Wednesday, 2022-03-02",2-Mar-22
3/3/2022,4363.49,33794.66,March 03 2022,"Thursday, 2022-03-03",3-Mar-22
3/4/2022,4328.87,33614.8,March 04 2022,"Friday, 2022-03-04",4-Mar-22
3/7/2022,4201.09,32817.38,March 07 2022,"Monday, 2022-03-07",7-Mar-22
3/8/2022,4170.7,32632.64,March 08 2022,"Tuesday, 2022-03-08",8-Mar-22
3/9/2022,4277.88,33286.25,March 09 2022,"Wednesday, 2022-03-09",9-Mar-22
3/10/2022,4259.52,33174.07,March 10 2022,"Thursday, 2022-03-10",10-Mar-22
3/11/2022,4204.31,32944.19,March 11 2022,"Friday, 2022-03-11",11-Mar-22
3/14/2022,4173.11,32945.24,March 14 2022,"Monday, 2022-03-14",14-Mar-22
3/15/2022,4262.45,33544.34,March 15 2022,"Tuesday, 2022-03-15",15-Mar-22
3/16/2022,4357.86,34063.1,March 16 2022,"Wednesday, 2022-03-16",16-Mar-22
3/17/2022,4411.67,34480.76,March 17 2022,"Thursday, 2022-03-17",17-Mar-22
3/18/2022,4463.12,34754.93,March 18 2022,"Friday, 2022-03-18",18-Mar-22
3/21/2022,4461.18,34552.99,March 21 2022,"Monday, 2022-03-21",21-Mar-22
3/22/2022,4511.61,34807.46,March 22 2022,"Tuesday, 2022-03-22",22-Mar-22
3/23/2022,4456.24,34358.5,March 23 2022,"Wednesday, 2022-03-23",23-Mar-22
3/24/2022,4520.16,34707.94,March 24 2022,"Thursday, 2022-03-24",24-Mar-22
3/25/2022,4543.06,34861.24,March 25 2022,"Friday, 2022-03-25",25-Mar-22
3/28/2022,4575.52,34955.89,March 28 2022,"Monday, 2022-03-28",28-Mar-22
3/29/2022,4631.6,35294.19,March 29 2022,"Tuesday, 2022-03-29",29-Mar-22
3/30/2022,4602.45,35228.81,March 30 2022,"Wednesday, 2022-03-30",30-Mar-22
3/31/2022,4530.41,34678.35,March 31 2022,"Thursday, 2022-03-31",31-Mar-22
4/1/2022,4545.86,34818.27,April 01 2022,"Friday, 2022-04-01",1-Apr-22
4/4/2022,4582.64,34921.88,April 04 2022,"Monday, 2022-04-04",4-Apr-22
4/5/2022,4525.12,34641.18,April 05 2022,"Tuesday, 2022-04-05",5-Apr-22
4/6/2022,4481.15,34496.51,April 06 2022,"Wednesday, 2022-04-06",6-Apr-22
4/7/2022,4500.21,34583.57,April 07 2022,"Thursday, 2022-04-07",7-Apr-22
4/8/2022,4488.28,34721.12,April 08 2022,"Friday, 2022-04-08",8-Apr-22
4/11/2022,4412.53,34308.08,April 11 2022,"Monday, 2022-04-11",11-Apr-22
4/12/2022,4397.45,34220.36,April 12 2022,"Tuesday, 2022-04-12",12-Apr-22
4/13/2022,4446.59,34564.59,April 13 2022,"Wednesday, 2022-04-13",13-Apr-22
4/14/2022,4392.59,34451.23,April 14 2022,"Thursday, 2022-04-14",14-Apr-22
4/15/2022,,,April 15 2022,"Friday, 2022-04-15",15-Apr-22
4/18/2022,4391.69,34411.69,April 18 2022,"Monday, 2022-04-18",18-Apr-22
4/19/2022,4462.21,34911.2,April 19 2022,"Tuesday, 2022-04-19",19-Apr-22
4/20/2022,4459.45,35160.79,April 20 2022,"Wednesday, 2022-04-20",20-Apr-22
4/21/2022,4393.66,34792.76,April 21 2022,"Thursday, 2022-04-21",21-Apr-22
4/22/2022,4271.78,33811.4,April 22 2022,"Friday, 2022-04-22",22-Apr-22
4/25/2022,4296.12,34049.46,April 25 2022,"Monday, 2022-04-25",25-Apr-22
4/26/2022,4175.2,33240.18,April 26 2022,"Tuesday, 2022-04-26",26-Apr-22
4/27/2022,4183.96,33301.93,April 27 2022,"Wednesday, 2022-04-27",27-Apr-22
4/28/2022,4287.5,33916.39,April 28 2022,"Thursday, 2022-04-28",28-Apr-22
4/29/2022,4131.93,32977.21,April 29 2022,"Friday, 2022-04-29",29-Apr-22
5/2/2022,4155.38,33061.5,May 02 2022,"Monday, 2022-05-02",2-May-22
5/3/2022,4175.48,33128.79,May 03 2022,"Tuesday, 2022-05-03",3-May-22
5/4/2022,4300.17,34061.06,May 04 2022,"Wednesday, 2022-05-04",4-May-22
5/5/2022,4146.87,32997.97,May 05 2022,"Thursday, 2022-05-05",5-May-22
5/6/2022,4123.34,32899.37,May 06 2022,"Friday, 2022-05-06",6-May-22
5/9/2022,3991.24,32245.7,May 09 2022,"Monday, 2022-05-09",9-May-22
5/10/2022,4001.05,32160.74,May 10 2022,"Tuesday, 2022-05-10",10-May-22
5/11/2022,3935.18,31834.11,May 11 2022,"Wednesday, 2022-05-11",11-May-22
5/12/2022,3930.08,31730.3,May 12 2022,"Thursday, 2022-05-12",12-May-22
5/13/2022,4023.89,32196.66,May 13 2022,"Friday, 2022-05-13",13-May-22
5/16/2022,4008.01,32223.42,May 16 2022,"Monday, 2022-05-16",16-May-22
5/17/2022,4088.85,32654.59,May 17 2022,"Tuesday, 2022-05-17",17-May-22
5/18/2022,3923.68,31490.07,May 18 2022,"Wednesday, 2022-05-18",18-May-22
5/19/2022,3900.79,31253.13,May 19 2022,"Thursday, 2022-05-19",19-May-22
5/20/2022,3901.36,31261.9,May 20 2022,"Friday, 2022-05-20",20-May-22
5/23/2022,3973.75,31880.24,May 23 2022,"Monday, 2022-05-23",23-May-22
5/24/2022,3941.48,31928.62,May 24 2022,"Tuesday, 2022-05-24",24-May-22
5/25/2022,3978.73,32120.28,May 25 2022,"Wednesday, 2022-05-25",25-May-22
5/26/2022,4057.84,32637.19,May 26 2022,"Thursday, 2022-05-26",26-May-22
5/27/2022,4158.24,33212.96,May 27 2022,"Friday, 2022-05-27",27-May-22
5/30/2022,,,May 30 2022,"Monday, 2022-05-30",30-May-22
5/31/2022,4132.15,32990.12,May 31 2022,"Tuesday, 2022-05-31",31-May-22
6/1/2022,4101.23,32813.23,June 01 2022,"Wednesday, 2022-06-01",1-Jun-22
6/2/2022,4176.82,33248.28,June 02 2022,"Thursday, 2022-06-02",2-Jun-22
6/3/2022,4108.54,32899.7,June 03 2022,"Friday, 2022-06-03",3-Jun-22
6/6/2022,4121.43,32915.78,June 06 2022,"Monday, 2022-06-06",6-Jun-22
6/7/2022,4160.68,33180.14,June 07 2022,"Tuesday, 2022-06-07",7-Jun-22
6/8/2022,4115.77,32910.9,June 08 2022,"Wednesday, 2022-06-08",8-Jun-22
6/9/2022,4017.82,32272.79,June 09 2022,"Thursday, 2022-06-09",9-Jun-22
6/10/2022,3900.86,31392.79,June 10 2022,"Friday, 2022-06-10",10-Jun-22
6/13/2022,3749.63,30516.74,June 13 2022,"Monday, 2022-06-13",13-Jun-22
6/14/2022,3735.48,30364.83,June 14 2022,"Tuesday, 2022-06-14",14-Jun-22
6/15/2022,3789.99,30668.53,June 15 2022,"Wednesday, 2022-06-15",15-Jun-22
6/16/2022,3666.77,29927.07,June 16 2022,"Thursday, 2022-06-16",16-Jun-22
6/17/2022,3674.84,29888.78,June 17 2022,"Friday, 2022-06-17",17-Jun-22
6/20/2022,,,June 20 2022,"Monday, 2022-06-20",20-Jun-22
6/21/2022,3764.79,30530.25,June 21 2022,"Tuesday, 2022-06-21",21-Jun-22
6/22/2022,3759.89,30483.13,June 22 2022,"Wednesday, 2022-06-22",22-Jun-22
6/23/2022,3795.73,30677.36,June 23 2022,"Thursday, 2022-06-23",23-Jun-22
6/24/2022,3911.74,31500.68,June 24 2022,"Friday, 2022-06-24",24-Jun-22
6/27/2022,3900.11,31438.26,June 27 2022,"Monday, 2022-06-27",27-Jun-22
6/28/2022,3821.55,30946.99,June 28 2022,"Tuesday, 2022-06-28",28-Jun-22
6/29/2022,3818.83,31029.31,June 29 2022,"Wednesday, 2022-06-29",29-Jun-22
6/30/2022,3785.38,30775.43,June 30 2022,"Thursday, 2022-06-30",30-Jun-22
7/1/2022,3825.33,31097.26,July 01 2022,"Friday, 2022-07-01",1-Jul-22
7/4/2022,,,July 04 2022,"Monday, 2022-07-04",4-Jul-22
7/5/2022,3831.39,30967.82,July 05 2022,"Tuesday, 2022-07-05",5-Jul-22
7/6/2022,3845.08,31037.68,July 06 2022,"Wednesday, 2022-07-06",6-Jul-22
7/7/2022,3902.62,31384.55,July 07 2022,"Thursday, 2022-07-07",7-Jul-22
7/8/2022,3899.38,31338.15,July 08 2022,"Friday, 2022-07-08",8-Jul-22
7/11/2022,3854.43,31173.84,July 11 2022,"Monday, 2022-07-11",11-Jul-22
7/12/2022,3818.8,30981.33,July 12 2022,"Tuesday, 2022-07-12",12-Jul-22
7/13/2022,3801.78,30772.79,July 13 2022,"Wednesday, 2022-07-13",13-Jul-22
7/14/2022,3790.38,30630.17,July 14 2022,"Thursday, 2022-07-14",14-Jul-22
7/15/2022,3863.16,31288.26,July 15 2022,"Friday, 2022-07-15",15-Jul-22
7/18/2022,3830.85,31072.61,July 18 2022,"Monday, 2022-07-18",18-Jul-22
7/19/2022,3936.69,31827.05,July 19 2022,"Tuesday, 2022-07-19",19-Jul-22
7/20/2022,3959.9,31874.84,July 20 2022,"Wednesday, 2022-07-20",20-Jul-22
7/21/2022,3998.95,32036.9,July 21 2022,"Thursday, 2022-07-21",21-Jul-22
7/22/2022,3961.63,31899.29,July 22 2022,"Friday, 2022-07-22",22-Jul-22
7/25/2022,3966.84,31990.04,July 25 2022,"Monday, 2022-07-25",25-Jul-22
7/26/2022,3921.05,31761.54,July 26 2022,"Tuesday, 2022-07-26",26-Jul-22
7/27/2022,4023.61,32197.59,July 27 2022,"Wednesday, 2022-07-27",27-Jul-22
7/28/2022,4072.43,32529.63,July 28 2022,"Thursday, 2022-07-28",28-Jul-22
7/29/2022,4130.29,32845.13,July 29 2022,"Friday, 2022-07-29",29-Jul-22
8/1/2022,4118.63,32798.4,August 01 2022,"Monday, 2022-08-01",1-Aug-22
8/2/2022,4091.19,32396.17,August 02 2022,"Tuesday, 2022-08-02",2-Aug-22
8/3/2022,4155.17,32812.5,August 03 2022,"Wednesday, 2022-08-03",3-Aug-22
8/4/2022,4151.94,32726.82,August 04 2022,"Thursday, 2022-08-04",4-Aug-22
8/5/2022,4145.19,32803.47,August 05 2022,"Friday, 2022-08-05",5-Aug-22
8/8/2022,4140.06,32832.54,August 08 2022,"Monday, 2022-08-08",8-Aug-22
8/9/2022,4122.47,32774.41,August 09 2022,"Tuesday, 2022-08-09",9-Aug-22
8/10/2022,4210.24,33309.51,August 10 2022,"Wednesday, 2022-08-10",10-Aug-22
8/11/2022,4207.27,33336.67,August 11 2022,"Thursday, 2022-08-11",11-Aug-22
8/12/2022,4280.15,33761.05,August 12 2022,"Friday, 2022-08-12",12-Aug-22
8/15/2022,4297.14,33912.44,August 15 2022,"Monday, 2022-08-15",15-Aug-22
8/16/2022,4305.2,34152.01,August 16 2022,"Tuesday, 2022-08-16",16-Aug-22
8/17/2022,4274.04,33980.32,August 17 2022,"Wednesday, 2022-08-17",17-Aug-22
8/18/2022,4283.74,33999.04,August 18 2022,"Thursday, 2022-08-18",18-Aug-22
8/19/2022,4228.48,33706.74,August 19 2022,"Friday, 2022-08-19",19-Aug-22
8/22/2022,4137.99,33063.61,August 22 2022,"Monday, 2022-08-22",22-Aug-22
8/23/2022,4128.73,32909.59,August 23 2022,"Tuesday, 2022-08-23",23-Aug-22
8/24/2022,4140.77,32969.23,August 24 2022,"Wednesday, 2022-08-24",24-Aug-22
8/25/2022,4199.12,33291.78,August 25 2022,"Thursday, 2022-08-25",25-Aug-22
8/26/2022,4057.66,32283.4,August 26 2022,"Friday, 2022-08-26",26-Aug-22
8/29/2022,4030.61,32098.99,August 29 2022,"Monday, 2022-08-29",29-Aug-22
8/30/2022,3986.16,31790.87,August 30 2022,"Tuesday, 2022-08-30",30-Aug-22
8/31/2022,3955,31510.43,August 31 2022,"Wednesday, 2022-08-31",31-Aug-22
9/1/2022,3966.85,31656.42,September 01 2022,"Thursday, 2022-09-01",1-Sep-22
9/2/2022,3924.26,31318.44,September 02 2022,"Friday, 2022-09-02",2-Sep-22
9/5/2022,,,September 05 2022,"Monday, 2022-09-05",5-Sep-22
9/6/2022,3908.19,31145.3,September 06 2022,"Tuesday, 2022-09-06",6-Sep-22
9/7/2022,3979.87,31581.28,September 07 2022,"Wednesday, 2022-09-07",7-Sep-22
9/8/2022,4006.18,31774.52,September 08 2022,"Thursday, 2022-09-08",8-Sep-22
9/9/2022,4067.36,32151.71,September 09 2022,"Friday, 2022-09-09",9-Sep-22
9/12/2022,4110.41,32381.34,September 12 2022,"Monday, 2022-09-12",12-Sep-22
9/13/2022,3932.69,31104.97,September 13 2022,"Tuesday, 2022-09-13",13-Sep-22
9/14/2022,3946.01,31135.09,September 14 2022,"Wednesday, 2022-09-14",14-Sep-22
9/15/2022,3901.35,30961.82,September 15 2022,"Thursday, 2022-09-15",15-Sep-22
9/16/2022,3873.33,30822.42,September 16 2022,"Friday, 2022-09-16",16-Sep-22
9/19/2022,3899.89,31019.68,September 19 2022,"Monday, 2022-09-19",19-Sep-22
9/20/2022,3855.93,30706.23,September 20 2022,"Tuesday, 2022-09-20",20-Sep-22
9/21/2022,3789.93,30183.78,September 21 2022,"Wednesday, 2022-09-21",21-Sep-22
9/22/2022,3757.99,30076.68,September 22 2022,"Thursday, 2022-09-22",22-Sep-22
9/23/2022,3693.23,29590.41,September 23 2022,"Friday, 2022-09-23",23-Sep-22
9/26/2022,3655.04,29260.81,September 26 2022,"Monday, 2022-09-26",26-Sep-22
9/27/2022,3647.29,29134.99,September 27 2022,"Tuesday, 2022-09-27",27-Sep-22
9/28/2022,3719.04,29683.74,September 28 2022,"Wednesday, 2022-09-28",28-Sep-22
9/29/2022,3640.47,29225.61,September 29 2022,"Thursday, 2022-09-29",29-Sep-22
9/30/2022,3585.62,28725.51,September 30 2022,"Friday, 2022-09-30",30-Sep-22
10/3/2022,3678.43,29490.89,October 03 2022,"Monday, 2022-10-03",3-Oct-22
10/4/2022,3790.93,30316.32,October 04 2022,"Tuesday, 2022-10-04",4-Oct-22
10/5/2022,3783.28,30273.87,October 05 2022,"Wednesday, 2022-10-05",5-Oct-22
10/6/2022,3744.52,29926.94,October 06 2022,"Thursday, 2022-10-06",6-Oct-22
10/7/2022,3639.66,29296.79,October 07 2022,"Friday, 2022-10-07",7-Oct-22
10/10/2022,3612.39,29202.88,October 10 2022,"Monday, 2022-10-10",10-Oct-22
10/11/2022,3588.84,29239.19,October 11 2022,"Tuesday, 2022-10-11",11-Oct-22
10/12/2022,3577.03,29210.85,October 12 2022,"Wednesday, 2022-10-12",12-Oct-22
10/13/2022,3669.91,30038.72,October 13 2022,"Thursday, 2022-10-13",13-Oct-22
10/14/2022,3583.07,29634.83,October 14 2022,"Friday, 2022-10-14",14-Oct-22
10/17/2022,3677.95,30185.82,October 17 2022,"Monday, 2022-10-17",17-Oct-22
10/18/2022,3719.98,30523.8,October 18 2022,"Tuesday, 2022-10-18",18-Oct-22
10/19/2022,3695.16,30423.81,October 19 2022,"Wednesday, 2022-10-19",19-Oct-22
10/20/2022,3665.78,30333.59,October 20 2022,"Thursday, 2022-10-20",20-Oct-22
10/21/2022,3752.75,31082.56,October 21 2022,"Friday, 2022-10-21",21-Oct-22
10/24/2022,3797.34,31499.62,October 24 2022,"Monday, 2022-10-24",24-Oct-22
10/25/2022,3859.11,31836.74,October 25 2022,"Tuesday, 2022-10-25",25-Oct-22
10/26/2022,3830.6,31839.11,October 26 2022,"Wednesday, 2022-10-26",26-Oct-22
10/27/2022,3807.3,32033.28,October 27 2022,"Thursday, 2022-10-27",27-Oct-22
10/28/2022,3901.06,32861.8,October 28 2022,"Friday, 2022-10-28",28-Oct-22
10/31/2022,3871.98,32732.95,October 31 2022,"Monday, 2022-10-31",31-Oct-22
11/1/2022,3856.1,32653.2,November 01 2022,"Tuesday, 2022-11-01",1-Nov-22
11/2/2022,3759.69,32147.76,November 02 2022,"Wednesday, 2022-11-02",2-Nov-22
11/3/2022,3719.89,32001.25,November 03 2022,"Thursday, 2022-11-03",3-Nov-22
11/4/2022,3770.55,32403.22,November 04 2022,"Friday, 2022-11-04",4-Nov-22
11/7/2022,3806.8,32827,November 07 2022,"Monday, 2022-11-07",7-Nov-22
11/8/2022,3828.11,33160.83,November 08 2022,"Tuesday, 2022-11-08",8-Nov-22
11/9/2022,3748.57,32513.94,November 09 2022,"Wednesday, 2022-11-09",9-Nov-22
11/10/2022,3956.37,33715.37,November 10 2022,"Thursday, 2022-11-10",10-Nov-22
11/11/2022,3992.93,33747.86,November 11 2022,"Friday, 2022-11-11",11-Nov-22
11/14/2022,3957.25,33536.7,November 14 2022,"Monday, 2022-11-14",14-Nov-22
11/15/2022,3991.73,33592.92,November 15 2022,"Tuesday, 2022-11-15",15-Nov-22
11/16/2022,3958.79,33553.83,November 16 2022,"Wednesday, 2022-11-16",16-Nov-22
11/17/2022,3946.56,33546.32,November 17 2022,"Thursday, 2022-11-17",17-Nov-22
11/18/2022,3965.34,33745.69,November 18 2022,"Friday, 2022-11-18",18-Nov-22
11/21/2022,3949.94,33700.28,November 21 2022,"Monday, 2022-11-21",21-Nov-22
11/22/2022,4003.58,34098.1,November 22 2022,"Tuesday, 2022-11-22",22-Nov-22
11/23/2022,4027.26,34194.06,November 23 2022,"Wednesday, 2022-11-23",23-Nov-22
11/24/2022,,,November 24 2022,"Thursday, 2022-11-24",24-Nov-22
11/25/2022,4026.12,34347.03,November 25 2022,"Friday, 2022-11-25",25-Nov-22
11/28/2022,3963.94,33849.46,November 28 2022,"Monday, 2022-11-28",28-Nov-22
11/29/2022,3957.63,33852.53,November 29 2022,"Tuesday, 2022-11-29",29-Nov-22
11/30/2022,4080.11,34589.77,November 30 2022,"Wednesday, 2022-11-30",30-Nov-22
12/1/2022,4076.57,34395.01,December 01 2022,"Thursday, 2022-12-01",1-Dec-22
12/2/2022,4071.7,34429.88,December 02 2022,"Friday, 2022-12-02",2-Dec-22
12/5/2022,3998.84,33947.1,December 05 2022,"Monday, 2022-12-05",5-Dec-22
12/6/2022,3941.26,33596.34,December 06 2022,"Tuesday, 2022-12-06",6-Dec-22
12/7/2022,3933.92,33597.92,December 07 2022,"Wednesday, 2022-12-07",7-Dec-22
12/8/2022,3963.51,33781.48,December 08 2022,"Thursday, 2022-12-08",8-Dec-22
12/9/2022,3934.38,33476.46,December 09 2022,"Friday, 2022-12-09",9-Dec-22
12/12/2022,3990.56,34005.04,December 12 2022,"Monday, 2022-12-12",12-Dec-22
12/13/2022,4019.65,34108.64,December 13 2022,"Tuesday, 2022-12-13",13-Dec-22
12/14/2022,3995.32,33966.35,December 14 2022,"Wednesday, 2022-12-14",14-Dec-22
12/15/2022,3895.75,33202.22,December 15 2022,"Thursday, 2022-12-15",15-Dec-22
12/16/2022,3852.36,32920.46,December 16 2022,"Friday, 2022-12-16",16-Dec-22
12/19/2022,3817.66,32757.54,December 19 2022,"Monday, 2022-12-19",19-Dec-22
12/20/2022,3821.62,32849.74,December 20 2022,"Tuesday, 2022-12-20",20-Dec-22
12/21/2022,3878.44,33376.48,December 21 2022,"Wednesday, 2022-12-21",21-Dec-22
12/22/2022,3822.39,33027.49,December 22 2022,"Thursday, 2022-12-22",22-Dec-22
12/23/2022,3844.82,33203.93,December 23 2022,"Friday, 2022-12-23",23-Dec-22
12/26/2022,,,December 26 2022,"Monday, 2022-12-26",26-Dec-22
12/27/2022,3829.25,33241.56,December 27 2022,"Tuesday, 2022-12-27",27-Dec-22
12/28/2022,3783.22,32875.71,December 28 2022,"Wednesday, 2022-12-28",28-Dec-22
12/29/2022,3849.28,33220.8,December 29 2022,"Thursday, 2022-12-29",29-Dec-22
12/30/2022,3839.5,33147.25,December 30 2022,"Friday, 2022-12-30",30-Dec-22
1/2/2023,,,January 02 2023,"Monday, 2023-01-02",2-Jan-23
1/3/2023,3824.14,33136.37,January 03 2023,"Tuesday, 2023-01-03",3-Jan-23
1/4/2023,3852.97,33269.77,January 04 2023,"Wednesday, 2023-01-04",4-Jan-23
1/5/2023,3808.1,32930.08,January 05 2023,"Thursday, 2023-01-05",5-Jan-23
1/6/2023,3895.08,33630.61,January 06 2023,"Friday, 2023-01-06",6-Jan-23
1/9/2023,3892.09,33517.65,January 09 2023,"Monday, 2023-01-09",9-Jan-23
1/10/2023,3919.25,33704.1,January 10 2023,"Tuesday, 2023-01-10",10-Jan-23
1/11/2023,3969.61,33973.01,January 11 2023,"Wednesday, 2023-01-11",11-Jan-23
1/12/2023,3983.17,34189.97,January 12 2023,"Thursday, 2023-01-12",12-Jan-23
1/13/2023,3999.09,34302.61,January 13 2023,"Friday, 2023-01-13",13-Jan-23
1/16/2023,,,January 16 2023,"Monday, 2023-01-16",16-Jan-23
1/17/2023,3990.97,33910.85,January 17 2023,"Tuesday, 2023-01-17",17-Jan-23
1/18/2023,3928.86,33296.96,January 18 2023,"Wednesday, 2023-01-18",18-Jan-23
1/19/2023,3898.85,33044.56,January 19 2023,"Thursday, 2023-01-19",19-Jan-23
1/20/2023,3972.61,33375.49,January 20 2023,"Friday, 2023-01-20",20-Jan-23
1/23/2023,4019.81,33629.56,January 23 2023,"Monday, 2023-01-23",23-Jan-23
1/24/2023,4016.95,33733.96,January 24 2023,"Tuesday, 2023-01-24",24-Jan-23
1/25/2023,4016.22,33743.84,January 25 2023,"Wednesday, 2023-01-25",25-Jan-23
1/26/2023,4060.43,33949.41,January 26 2023,"Thursday, 2023-01-26",26-Jan-23
1/27/2023,4070.56,33978.08,January 27 2023,"Friday, 2023-01-27",27-Jan-23
1/30/2023,4017.77,33717.09,January 30 2023,"Monday, 2023-01-30",30-Jan-23
1/31/2023,4076.6,34086.04,January 31 2023,"Tuesday, 2023-01-31",31-Jan-23
2/1/2023,4119.21,34092.96,February 01 2023,"Wednesday, 2023-02-01",1-Feb-23
2/2/2023,4179.76,34053.94,February 02 2023,"Thursday, 2023-02-02",2-Feb-23
2/3/2023,4136.48,33926.01,February 03 2023,"Friday, 2023-02-03",3-Feb-23
2/6/2023,4111.08,33891.02,February 06 2023,"Monday, 2023-02-06",6-Feb-23
2/7/2023,4164,34156.69,February 07 2023,"Tuesday, 2023-02-07",7-Feb-23
2/8/2023,4117.86,33949.01,February 08 2023,"Wednesday, 2023-02-08",8-Feb-23
2/9/2023,4081.5,33699.88,February 09 2023,"Thursday, 2023-02-09",9-Feb-23
2/10/2023,4090.46,33869.27,February 10 2023,"Friday, 2023-02-10",10-Feb-23
2/13/2023,4137.29,34245.93,February 13 2023,"Monday, 2023-02-13",13-Feb-23
2/14/2023,4136.13,34089.27,February 14 2023,"Tuesday, 2023-02-14",14-Feb-23
2/15/2023,4147.6,34128.05,February 15 2023,"Wednesday, 2023-02-15",15-Feb-23
2/16/2023,4090.41,33696.85,February 16 2023,"Thursday, 2023-02-16",16-Feb-23
2/17/2023,4079.09,33826.69,February 17 2023,"Friday, 2023-02-17",17-Feb-23
2/20/2023,,,February 20 2023,"Monday, 2023-02-20",20-Feb-23
2/21/2023,3997.34,33129.59,February 21 2023,"Tuesday, 2023-02-21",21-Feb-23
2/22/2023,3991.05,33045.09,February 22 2023,"Wednesday, 2023-02-22",22-Feb-23
2/23/2023,4012.32,33153.91,February 23 2023,"Thursday, 2023-02-23",23-Feb-23
2/24/2023,3970.04,32816.92,February 24 2023,"Friday, 2023-02-24",24-Feb-23
2/27/2023,3982.24,32889.09,February 27 2023,"Monday, 2023-02-27",27-Feb-23
2/28/2023,3970.15,32656.7,February 28 2023,"Tuesday, 2023-02-28",28-Feb-23
3/1/2023,3951.39,32661.84,March 01 2023,"Wednesday, 2023-03-01",1-Mar-23
3/2/2023,3981.35,33003.57,March 02 2023,"Thursday, 2023-03-02",2-Mar-23
3/3/2023,4045.64,33390.97,March 03 2023,"Friday, 2023-03-03",3-Mar-23
3/6/2023,4048.42,33431.44,March 06 2023,"Monday, 2023-03-06",6-Mar-23
3/7/2023,3986.37,32856.46,March 07 2023,"Tuesday, 2023-03-07",7-Mar-23
3/8/2023,3992.01,32798.4,March 08 2023,"Wednesday, 2023-03-08",8-Mar-23
3/9/2023,3918.32,32254.86,March 09 2023,"Thursday, 2023-03-09",9-Mar-23
3/10/2023,3861.59,31909.64,March 10 2023,"Friday, 2023-03-10",10-Mar-23
3/13/2023,3855.76,31819.14,March 13 2023,"Monday, 2023-03-13",13-Mar-23
3/14/2023,3919.29,32155.4,March 14 2023,"Tuesday, 2023-03-14",14-Mar-23
3/15/2023,3891.93,31874.57,March 15 2023,"Wednesday, 2023-03-15",15-Mar-23
3/16/2023,3960.28,32246.55,March 16 2023,"Thursday, 2023-03-16",16-Mar-23
3/17/2023,3916.64,31861.98,March 17 2023,"Friday, 2023-03-17",17-Mar-23
3/20/2023,3951.57,32244.58,March 20 2023,"Monday, 2023-03-20",20-Mar-23
3/21/2023,4002.87,32560.6,March 21 2023,"Tuesday, 2023-03-21",21-Mar-23
3/22/2023,3936.97,32030.11,March 22 2023,"Wednesday, 2023-03-22",22-Mar-23
3/23/2023,3948.72,32105.25,March 23 2023,"Thursday, 2023-03-23",23-Mar-23
3/24/2023,3970.99,32237.53,March 24 2023,"Friday, 2023-03-24",24-Mar-23
3/27/2023,3977.53,32432.08,March 27 2023,"Monday, 2023-03-27",27-Mar-23
3/28/2023,3971.27,32394.25,March 28 2023,"Tuesday, 2023-03-28",28-Mar-23
3/29/2023,4027.81,32717.6,March 29 2023,"Wednesday, 2023-03-29",29-Mar-23
3/30/2023,4050.83,32859.03,March 30 2023,"Thursday, 2023-03-30",30-Mar-23
3/31/2023,4109.31,33274.15,March 31 2023,"Friday, 2023-03-31",31-Mar-23
4/3/2023,4124.51,33601.15,April 03 2023,"Monday, 2023-04-03",3-Apr-23
4/4/2023,4100.6,33402.38,April 04 2023,"Tuesday, 2023-04-04",4-Apr-23
